name,title,level,facing,categories,description,detail,remediation,metadata,cache_key
auth_rls_initplan,Auth RLS Initialization Plan,WARN,EXTERNAL,"[""PERFORMANCE""]",Detects if calls to \`current_setting()\` and \`auth.<function>()\` in RLS policies are being unnecessarily re-evaluated for each row,Table \`public.notification_settings\` has a row level security policy \`notif_rw\` that re-evaluates current_setting() or auth.<function>() for each row. This produces suboptimal query performance at scale. Resolve the issue by replacing \`auth.<function>()\` with \`(select auth.<function>())\`. See [docs](https://supabase.com/docs/guides/database/postgres/row-level-security#call-functions-with-select) for more info.,https://supabase.com/docs/guides/database/database-linter?lint=0003_auth_rls_initplan,"{""name"":""notification_settings"",""type"":""table"",""schema"":""public""}",auth_rls_init_plan_public_notification_settings_notif_rw
auth_rls_initplan,Auth RLS Initialization Plan,WARN,EXTERNAL,"[""PERFORMANCE""]",Detects if calls to \`current_setting()\` and \`auth.<function>()\` in RLS policies are being unnecessarily re-evaluated for each row,Table \`public.users_on_team\` has a row level security policy \`users_on_team_rw\` that re-evaluates current_setting() or auth.<function>() for each row. This produces suboptimal query performance at scale. Resolve the issue by replacing \`auth.<function>()\` with \`(select auth.<function>())\`. See [docs](https://supabase.com/docs/guides/database/postgres/row-level-security#call-functions-with-select) for more info.,https://supabase.com/docs/guides/database/database-linter?lint=0003_auth_rls_initplan,"{""name"":""users_on_team"",""type"":""table"",""schema"":""public""}",auth_rls_init_plan_public_users_on_team_users_on_team_rw
auth_rls_initplan,Auth RLS Initialization Plan,WARN,EXTERNAL,"[""PERFORMANCE""]",Detects if calls to \`current_setting()\` and \`auth.<function>()\` in RLS policies are being unnecessarily re-evaluated for each row,Table \`public.user_invites\` has a row level security policy \`user_invites_select_by_email\` that re-evaluates current_setting() or auth.<function>() for each row. This produces suboptimal query performance at scale. Resolve the issue by replacing \`auth.<function>()\` with \`(select auth.<function>())\`. See [docs](https://supabase.com/docs/guides/database/postgres/row-level-security#call-functions-with-select) for more info.,https://supabase.com/docs/guides/database/database-linter?lint=0003_auth_rls_initplan,"{""name"":""user_invites"",""type"":""table"",""schema"":""public""}",auth_rls_init_plan_public_user_invites_user_invites_select_by_email
auth_rls_initplan,Auth RLS Initialization Plan,WARN,EXTERNAL,"[""PERFORMANCE""]",Detects if calls to \`current_setting()\` and \`auth.<function>()\` in RLS policies are being unnecessarily re-evaluated for each row,Table \`public.users\` has a row level security policy \`users_select_self\` that re-evaluates current_setting() or auth.<function>() for each row. This produces suboptimal query performance at scale. Resolve the issue by replacing \`auth.<function>()\` with \`(select auth.<function>())\`. See [docs](https://supabase.com/docs/guides/database/postgres/row-level-security#call-functions-with-select) for more info.,https://supabase.com/docs/guides/database/database-linter?lint=0003_auth_rls_initplan,"{""name"":""users"",""type"":""table"",""schema"":""public""}",auth_rls_init_plan_public_users_users_select_self
auth_rls_initplan,Auth RLS Initialization Plan,WARN,EXTERNAL,"[""PERFORMANCE""]",Detects if calls to \`current_setting()\` and \`auth.<function>()\` in RLS policies are being unnecessarily re-evaluated for each row,Table \`public.users\` has a row level security policy \`users_update_self\` that re-evaluates current_setting() or auth.<function>() for each row. This produces suboptimal query performance at scale. Resolve the issue by replacing \`auth.<function>()\` with \`(select auth.<function>())\`. See [docs](https://supabase.com/docs/guides/database/postgres/row-level-security#call-functions-with-select) for more info.,https://supabase.com/docs/guides/database/database-linter?lint=0003_auth_rls_initplan,"{""name"":""users"",""type"":""table"",""schema"":""public""}",auth_rls_init_plan_public_users_users_update_self
auth_rls_initplan,Auth RLS Initialization Plan,WARN,EXTERNAL,"[""PERFORMANCE""]",Detects if calls to \`current_setting()\` and \`auth.<function>()\` in RLS policies are being unnecessarily re-evaluated for each row,Table \`public.whatsapp_contacts\` has a row level security policy \`team_whatsapp_contacts_all\` that re-evaluates current_setting() or auth.<function>() for each row. This produces suboptimal query performance at scale. Resolve the issue by replacing \`auth.<function>()\` with \`(select auth.<function>())\`. See [docs](https://supabase.com/docs/guides/database/postgres/row-level-security#call-functions-with-select) for more info.,https://supabase.com/docs/guides/database/database-linter?lint=0003_auth_rls_initplan,"{""name"":""whatsapp_contacts"",""type"":""table"",""schema"":""public""}",auth_rls_init_plan_public_whatsapp_contacts_team_whatsapp_contacts_all
auth_rls_initplan,Auth RLS Initialization Plan,WARN,EXTERNAL,"[""PERFORMANCE""]",Detects if calls to \`current_setting()\` and \`auth.<function>()\` in RLS policies are being unnecessarily re-evaluated for each row,Table \`public.instagram_contacts\` has a row level security policy \`team_instagram_contacts_all\` that re-evaluates current_setting() or auth.<function>() for each row. This produces suboptimal query performance at scale. Resolve the issue by replacing \`auth.<function>()\` with \`(select auth.<function>())\`. See [docs](https://supabase.com/docs/guides/database/postgres/row-level-security#call-functions-with-select) for more info.,https://supabase.com/docs/guides/database/database-linter?lint=0003_auth_rls_initplan,"{""name"":""instagram_contacts"",""type"":""table"",""schema"":""public""}",auth_rls_init_plan_public_instagram_contacts_team_instagram_contacts_all
auth_rls_initplan,Auth RLS Initialization Plan,WARN,EXTERNAL,"[""PERFORMANCE""]",Detects if calls to \`current_setting()\` and \`auth.<function>()\` in RLS policies are being unnecessarily re-evaluated for each row,Table \`public.message_delivery\` has a row level security policy \`team_message_delivery_all\` that re-evaluates current_setting() or auth.<function>() for each row. This produces suboptimal query performance at scale. Resolve the issue by replacing \`auth.<function>()\` with \`(select auth.<function>())\`. See [docs](https://supabase.com/docs/guides/database/postgres/row-level-security#call-functions-with-select) for more info.,https://supabase.com/docs/guides/database/database-linter?lint=0003_auth_rls_initplan,"{""name"":""message_delivery"",""type"":""table"",""schema"":""public""}",auth_rls_init_plan_public_message_delivery_team_message_delivery_all
auth_rls_initplan,Auth RLS Initialization Plan,WARN,EXTERNAL,"[""PERFORMANCE""]",Detects if calls to \`current_setting()\` and \`auth.<function>()\` in RLS policies are being unnecessarily re-evaluated for each row,Table \`public.transaction_allocations\` has a row level security policy \`team_transaction_allocations_all\` that re-evaluates current_setting() or auth.<function>() for each row. This produces suboptimal query performance at scale. Resolve the issue by replacing \`auth.<function>()\` with \`(select auth.<function>())\`. See [docs](https://supabase.com/docs/guides/database/postgres/row-level-security#call-functions-with-select) for more info.,https://supabase.com/docs/guides/database/database-linter?lint=0003_auth_rls_initplan,"{""name"":""transaction_allocations"",""type"":""table"",""schema"":""public""}",auth_rls_init_plan_public_transaction_allocations_team_transaction_allocations_all
auth_rls_initplan,Auth RLS Initialization Plan,WARN,EXTERNAL,"[""PERFORMANCE""]",Detects if calls to \`current_setting()\` and \`auth.<function>()\` in RLS policies are being unnecessarily re-evaluated for each row,Table \`public.transaction_attachments\` has a row level security policy \`team_select_transaction_attachments\` that re-evaluates current_setting() or auth.<function>() for each row. This produces suboptimal query performance at scale. Resolve the issue by replacing \`auth.<function>()\` with \`(select auth.<function>())\`. See [docs](https://supabase.com/docs/guides/database/postgres/row-level-security#call-functions-with-select) for more info.,https://supabase.com/docs/guides/database/database-linter?lint=0003_auth_rls_initplan,"{""name"":""transaction_attachments"",""type"":""table"",""schema"":""public""}",auth_rls_init_plan_public_transaction_attachments_team_select_transaction_attachments
auth_rls_initplan,Auth RLS Initialization Plan,WARN,EXTERNAL,"[""PERFORMANCE""]",Detects if calls to \`current_setting()\` and \`auth.<function>()\` in RLS policies are being unnecessarily re-evaluated for each row,Table \`public.transaction_tags\` has a row level security policy \`team_select_transaction_tags\` that re-evaluates current_setting() or auth.<function>() for each row. This produces suboptimal query performance at scale. Resolve the issue by replacing \`auth.<function>()\` with \`(select auth.<function>())\`. See [docs](https://supabase.com/docs/guides/database/postgres/row-level-security#call-functions-with-select) for more info.,https://supabase.com/docs/guides/database/database-linter?lint=0003_auth_rls_initplan,"{""name"":""transaction_tags"",""type"":""table"",""schema"":""public""}",auth_rls_init_plan_public_transaction_tags_team_select_transaction_tags
auth_rls_initplan,Auth RLS Initialization Plan,WARN,EXTERNAL,"[""PERFORMANCE""]",Detects if calls to \`current_setting()\` and \`auth.<function>()\` in RLS policies are being unnecessarily re-evaluated for each row,Table \`public.transaction_tags\` has a row level security policy \`team_insert_transaction_tags\` that re-evaluates current_setting() or auth.<function>() for each row. This produces suboptimal query performance at scale. Resolve the issue by replacing \`auth.<function>()\` with \`(select auth.<function>())\`. See [docs](https://supabase.com/docs/guides/database/postgres/row-level-security#call-functions-with-select) for more info.,https://supabase.com/docs/guides/database/database-linter?lint=0003_auth_rls_initplan,"{""name"":""transaction_tags"",""type"":""table"",""schema"":""public""}",auth_rls_init_plan_public_transaction_tags_team_insert_transaction_tags
auth_rls_initplan,Auth RLS Initialization Plan,WARN,EXTERNAL,"[""PERFORMANCE""]",Detects if calls to \`current_setting()\` and \`auth.<function>()\` in RLS policies are being unnecessarily re-evaluated for each row,Table \`public.transaction_tags\` has a row level security policy \`team_update_transaction_tags\` that re-evaluates current_setting() or auth.<function>() for each row. This produces suboptimal query performance at scale. Resolve the issue by replacing \`auth.<function>()\` with \`(select auth.<function>())\`. See [docs](https://supabase.com/docs/guides/database/postgres/row-level-security#call-functions-with-select) for more info.,https://supabase.com/docs/guides/database/database-linter?lint=0003_auth_rls_initplan,"{""name"":""transaction_tags"",""type"":""table"",""schema"":""public""}",auth_rls_init_plan_public_transaction_tags_team_update_transaction_tags
auth_rls_initplan,Auth RLS Initialization Plan,WARN,EXTERNAL,"[""PERFORMANCE""]",Detects if calls to \`current_setting()\` and \`auth.<function>()\` in RLS policies are being unnecessarily re-evaluated for each row,Table \`public.transaction_tags\` has a row level security policy \`team_delete_transaction_tags\` that re-evaluates current_setting() or auth.<function>() for each row. This produces suboptimal query performance at scale. Resolve the issue by replacing \`auth.<function>()\` with \`(select auth.<function>())\`. See [docs](https://supabase.com/docs/guides/database/postgres/row-level-security#call-functions-with-select) for more info.,https://supabase.com/docs/guides/database/database-linter?lint=0003_auth_rls_initplan,"{""name"":""transaction_tags"",""type"":""table"",""schema"":""public""}",auth_rls_init_plan_public_transaction_tags_team_delete_transaction_tags
auth_rls_initplan,Auth RLS Initialization Plan,WARN,EXTERNAL,"[""PERFORMANCE""]",Detects if calls to \`current_setting()\` and \`auth.<function>()\` in RLS policies are being unnecessarily re-evaluated for each row,Table \`public.transaction_attachments\` has a row level security policy \`team_insert_transaction_attachments\` that re-evaluates current_setting() or auth.<function>() for each row. This produces suboptimal query performance at scale. Resolve the issue by replacing \`auth.<function>()\` with \`(select auth.<function>())\`. See [docs](https://supabase.com/docs/guides/database/postgres/row-level-security#call-functions-with-select) for more info.,https://supabase.com/docs/guides/database/database-linter?lint=0003_auth_rls_initplan,"{""name"":""transaction_attachments"",""type"":""table"",""schema"":""public""}",auth_rls_init_plan_public_transaction_attachments_team_insert_transaction_attachments
auth_rls_initplan,Auth RLS Initialization Plan,WARN,EXTERNAL,"[""PERFORMANCE""]",Detects if calls to \`current_setting()\` and \`auth.<function>()\` in RLS policies are being unnecessarily re-evaluated for each row,Table \`public.transaction_attachments\` has a row level security policy \`team_update_transaction_attachments\` that re-evaluates current_setting() or auth.<function>() for each row. This produces suboptimal query performance at scale. Resolve the issue by replacing \`auth.<function>()\` with \`(select auth.<function>())\`. See [docs](https://supabase.com/docs/guides/database/postgres/row-level-security#call-functions-with-select) for more info.,https://supabase.com/docs/guides/database/database-linter?lint=0003_auth_rls_initplan,"{""name"":""transaction_attachments"",""type"":""table"",""schema"":""public""}",auth_rls_init_plan_public_transaction_attachments_team_update_transaction_attachments
auth_rls_initplan,Auth RLS Initialization Plan,WARN,EXTERNAL,"[""PERFORMANCE""]",Detects if calls to \`current_setting()\` and \`auth.<function>()\` in RLS policies are being unnecessarily re-evaluated for each row,Table \`public.transaction_attachments\` has a row level security policy \`team_delete_transaction_attachments\` that re-evaluates current_setting() or auth.<function>() for each row. This produces suboptimal query performance at scale. Resolve the issue by replacing \`auth.<function>()\` with \`(select auth.<function>())\`. See [docs](https://supabase.com/docs/guides/database/postgres/row-level-security#call-functions-with-select) for more info.,https://supabase.com/docs/guides/database/database-linter?lint=0003_auth_rls_initplan,"{""name"":""transaction_attachments"",""type"":""table"",""schema"":""public""}",auth_rls_init_plan_public_transaction_attachments_team_delete_transaction_attachments
auth_rls_initplan,Auth RLS Initialization Plan,WARN,EXTERNAL,"[""PERFORMANCE""]",Detects if calls to \`current_setting()\` and \`auth.<function>()\` in RLS policies are being unnecessarily re-evaluated for each row,Table \`public.oauth_applications\` has a row level security policy \`OAuth applications can be managed by team members\` that re-evaluates current_setting() or auth.<function>() for each row. This produces suboptimal query performance at scale. Resolve the issue by replacing \`auth.<function>()\` with \`(select auth.<function>())\`. See [docs](https://supabase.com/docs/guides/database/postgres/row-level-security#call-functions-with-select) for more info.,https://supabase.com/docs/guides/database/database-linter?lint=0003_auth_rls_initplan,"{""name"":""oauth_applications"",""type"":""table"",""schema"":""public""}",auth_rls_init_plan_public_oauth_applications_OAuth applications can be managed by team members
auth_rls_initplan,Auth RLS Initialization Plan,WARN,EXTERNAL,"[""PERFORMANCE""]",Detects if calls to \`current_setting()\` and \`auth.<function>()\` in RLS policies are being unnecessarily re-evaluated for each row,Table \`public.products\` has a row level security policy \`team_select_products\` that re-evaluates current_setting() or auth.<function>() for each row. This produces suboptimal query performance at scale. Resolve the issue by replacing \`auth.<function>()\` with \`(select auth.<function>())\`. See [docs](https://supabase.com/docs/guides/database/postgres/row-level-security#call-functions-with-select) for more info.,https://supabase.com/docs/guides/database/database-linter?lint=0003_auth_rls_initplan,"{""name"":""products"",""type"":""table"",""schema"":""public""}",auth_rls_init_plan_public_products_team_select_products
auth_rls_initplan,Auth RLS Initialization Plan,WARN,EXTERNAL,"[""PERFORMANCE""]",Detects if calls to \`current_setting()\` and \`auth.<function>()\` in RLS policies are being unnecessarily re-evaluated for each row,Table \`public.products\` has a row level security policy \`team_insert_products\` that re-evaluates current_setting() or auth.<function>() for each row. This produces suboptimal query performance at scale. Resolve the issue by replacing \`auth.<function>()\` with \`(select auth.<function>())\`. See [docs](https://supabase.com/docs/guides/database/postgres/row-level-security#call-functions-with-select) for more info.,https://supabase.com/docs/guides/database/database-linter?lint=0003_auth_rls_initplan,"{""name"":""products"",""type"":""table"",""schema"":""public""}",auth_rls_init_plan_public_products_team_insert_products
auth_rls_initplan,Auth RLS Initialization Plan,WARN,EXTERNAL,"[""PERFORMANCE""]",Detects if calls to \`current_setting()\` and \`auth.<function>()\` in RLS policies are being unnecessarily re-evaluated for each row,Table \`public.products\` has a row level security policy \`team_update_products\` that re-evaluates current_setting() or auth.<function>() for each row. This produces suboptimal query performance at scale. Resolve the issue by replacing \`auth.<function>()\` with \`(select auth.<function>())\`. See [docs](https://supabase.com/docs/guides/database/postgres/row-level-security#call-functions-with-select) for more info.,https://supabase.com/docs/guides/database/database-linter?lint=0003_auth_rls_initplan,"{""name"":""products"",""type"":""table"",""schema"":""public""}",auth_rls_init_plan_public_products_team_update_products
auth_rls_initplan,Auth RLS Initialization Plan,WARN,EXTERNAL,"[""PERFORMANCE""]",Detects if calls to \`current_setting()\` and \`auth.<function>()\` in RLS policies are being unnecessarily re-evaluated for each row,Table \`public.products\` has a row level security policy \`team_delete_products\` that re-evaluates current_setting() or auth.<function>() for each row. This produces suboptimal query performance at scale. Resolve the issue by replacing \`auth.<function>()\` with \`(select auth.<function>())\`. See [docs](https://supabase.com/docs/guides/database/postgres/row-level-security#call-functions-with-select) for more info.,https://supabase.com/docs/guides/database/database-linter?lint=0003_auth_rls_initplan,"{""name"":""products"",""type"":""table"",""schema"":""public""}",auth_rls_init_plan_public_products_team_delete_products
auth_rls_initplan,Auth RLS Initialization Plan,WARN,EXTERNAL,"[""PERFORMANCE""]",Detects if calls to \`current_setting()\` and \`auth.<function>()\` in RLS policies are being unnecessarily re-evaluated for each row,Table \`public.product_variants\` has a row level security policy \`team_select_product_variants\` that re-evaluates current_setting() or auth.<function>() for each row. This produces suboptimal query performance at scale. Resolve the issue by replacing \`auth.<function>()\` with \`(select auth.<function>())\`. See [docs](https://supabase.com/docs/guides/database/postgres/row-level-security#call-functions-with-select) for more info.,https://supabase.com/docs/guides/database/database-linter?lint=0003_auth_rls_initplan,"{""name"":""product_variants"",""type"":""table"",""schema"":""public""}",auth_rls_init_plan_public_product_variants_team_select_product_variants
auth_rls_initplan,Auth RLS Initialization Plan,WARN,EXTERNAL,"[""PERFORMANCE""]",Detects if calls to \`current_setting()\` and \`auth.<function>()\` in RLS policies are being unnecessarily re-evaluated for each row,Table \`public.product_variants\` has a row level security policy \`team_insert_product_variants\` that re-evaluates current_setting() or auth.<function>() for each row. This produces suboptimal query performance at scale. Resolve the issue by replacing \`auth.<function>()\` with \`(select auth.<function>())\`. See [docs](https://supabase.com/docs/guides/database/postgres/row-level-security#call-functions-with-select) for more info.,https://supabase.com/docs/guides/database/database-linter?lint=0003_auth_rls_initplan,"{""name"":""product_variants"",""type"":""table"",""schema"":""public""}",auth_rls_init_plan_public_product_variants_team_insert_product_variants
auth_rls_initplan,Auth RLS Initialization Plan,WARN,EXTERNAL,"[""PERFORMANCE""]",Detects if calls to \`current_setting()\` and \`auth.<function>()\` in RLS policies are being unnecessarily re-evaluated for each row,Table \`public.product_variants\` has a row level security policy \`team_update_product_variants\` that re-evaluates current_setting() or auth.<function>() for each row. This produces suboptimal query performance at scale. Resolve the issue by replacing \`auth.<function>()\` with \`(select auth.<function>())\`. See [docs](https://supabase.com/docs/guides/database/postgres/row-level-security#call-functions-with-select) for more info.,https://supabase.com/docs/guides/database/database-linter?lint=0003_auth_rls_initplan,"{""name"":""product_variants"",""type"":""table"",""schema"":""public""}",auth_rls_init_plan_public_product_variants_team_update_product_variants
auth_rls_initplan,Auth RLS Initialization Plan,WARN,EXTERNAL,"[""PERFORMANCE""]",Detects if calls to \`current_setting()\` and \`auth.<function>()\` in RLS policies are being unnecessarily re-evaluated for each row,Table \`public.product_variants\` has a row level security policy \`team_delete_product_variants\` that re-evaluates current_setting() or auth.<function>() for each row. This produces suboptimal query performance at scale. Resolve the issue by replacing \`auth.<function>()\` with \`(select auth.<function>())\`. See [docs](https://supabase.com/docs/guides/database/postgres/row-level-security#call-functions-with-select) for more info.,https://supabase.com/docs/guides/database/database-linter?lint=0003_auth_rls_initplan,"{""name"":""product_variants"",""type"":""table"",""schema"":""public""}",auth_rls_init_plan_public_product_variants_team_delete_product_variants
auth_rls_initplan,Auth RLS Initialization Plan,WARN,EXTERNAL,"[""PERFORMANCE""]",Detects if calls to \`current_setting()\` and \`auth.<function>()\` in RLS policies are being unnecessarily re-evaluated for each row,Table \`public.inventory_locations\` has a row level security policy \`team_select_inventory_locations\` that re-evaluates current_setting() or auth.<function>() for each row. This produces suboptimal query performance at scale. Resolve the issue by replacing \`auth.<function>()\` with \`(select auth.<function>())\`. See [docs](https://supabase.com/docs/guides/database/postgres/row-level-security#call-functions-with-select) for more info.,https://supabase.com/docs/guides/database/database-linter?lint=0003_auth_rls_initplan,"{""name"":""inventory_locations"",""type"":""table"",""schema"":""public""}",auth_rls_init_plan_public_inventory_locations_team_select_inventory_locations
auth_rls_initplan,Auth RLS Initialization Plan,WARN,EXTERNAL,"[""PERFORMANCE""]",Detects if calls to \`current_setting()\` and \`auth.<function>()\` in RLS policies are being unnecessarily re-evaluated for each row,Table \`public.inventory_locations\` has a row level security policy \`team_insert_inventory_locations\` that re-evaluates current_setting() or auth.<function>() for each row. This produces suboptimal query performance at scale. Resolve the issue by replacing \`auth.<function>()\` with \`(select auth.<function>())\`. See [docs](https://supabase.com/docs/guides/database/postgres/row-level-security#call-functions-with-select) for more info.,https://supabase.com/docs/guides/database/database-linter?lint=0003_auth_rls_initplan,"{""name"":""inventory_locations"",""type"":""table"",""schema"":""public""}",auth_rls_init_plan_public_inventory_locations_team_insert_inventory_locations
auth_rls_initplan,Auth RLS Initialization Plan,WARN,EXTERNAL,"[""PERFORMANCE""]",Detects if calls to \`current_setting()\` and \`auth.<function>()\` in RLS policies are being unnecessarily re-evaluated for each row,Table \`public.inventory_locations\` has a row level security policy \`team_update_inventory_locations\` that re-evaluates current_setting() or auth.<function>() for each row. This produces suboptimal query performance at scale. Resolve the issue by replacing \`auth.<function>()\` with \`(select auth.<function>())\`. See [docs](https://supabase.com/docs/guides/database/postgres/row-level-security#call-functions-with-select) for more info.,https://supabase.com/docs/guides/database/database-linter?lint=0003_auth_rls_initplan,"{""name"":""inventory_locations"",""type"":""table"",""schema"":""public""}",auth_rls_init_plan_public_inventory_locations_team_update_inventory_locations
auth_rls_initplan,Auth RLS Initialization Plan,WARN,EXTERNAL,"[""PERFORMANCE""]",Detects if calls to \`current_setting()\` and \`auth.<function>()\` in RLS policies are being unnecessarily re-evaluated for each row,Table \`public.inventory_locations\` has a row level security policy \`team_delete_inventory_locations\` that re-evaluates current_setting() or auth.<function>() for each row. This produces suboptimal query performance at scale. Resolve the issue by replacing \`auth.<function>()\` with \`(select auth.<function>())\`. See [docs](https://supabase.com/docs/guides/database/postgres/row-level-security#call-functions-with-select) for more info.,https://supabase.com/docs/guides/database/database-linter?lint=0003_auth_rls_initplan,"{""name"":""inventory_locations"",""type"":""table"",""schema"":""public""}",auth_rls_init_plan_public_inventory_locations_team_delete_inventory_locations
auth_rls_initplan,Auth RLS Initialization Plan,WARN,EXTERNAL,"[""PERFORMANCE""]",Detects if calls to \`current_setting()\` and \`auth.<function>()\` in RLS policies are being unnecessarily re-evaluated for each row,Table \`public.product_inventory\` has a row level security policy \`team_select_product_inventory\` that re-evaluates current_setting() or auth.<function>() for each row. This produces suboptimal query performance at scale. Resolve the issue by replacing \`auth.<function>()\` with \`(select auth.<function>())\`. See [docs](https://supabase.com/docs/guides/database/postgres/row-level-security#call-functions-with-select) for more info.,https://supabase.com/docs/guides/database/database-linter?lint=0003_auth_rls_initplan,"{""name"":""product_inventory"",""type"":""table"",""schema"":""public""}",auth_rls_init_plan_public_product_inventory_team_select_product_inventory
auth_rls_initplan,Auth RLS Initialization Plan,WARN,EXTERNAL,"[""PERFORMANCE""]",Detects if calls to \`current_setting()\` and \`auth.<function>()\` in RLS policies are being unnecessarily re-evaluated for each row,Table \`public.product_inventory\` has a row level security policy \`team_insert_product_inventory\` that re-evaluates current_setting() or auth.<function>() for each row. This produces suboptimal query performance at scale. Resolve the issue by replacing \`auth.<function>()\` with \`(select auth.<function>())\`. See [docs](https://supabase.com/docs/guides/database/postgres/row-level-security#call-functions-with-select) for more info.,https://supabase.com/docs/guides/database/database-linter?lint=0003_auth_rls_initplan,"{""name"":""product_inventory"",""type"":""table"",""schema"":""public""}",auth_rls_init_plan_public_product_inventory_team_insert_product_inventory
auth_rls_initplan,Auth RLS Initialization Plan,WARN,EXTERNAL,"[""PERFORMANCE""]",Detects if calls to \`current_setting()\` and \`auth.<function>()\` in RLS policies are being unnecessarily re-evaluated for each row,Table \`public.product_inventory\` has a row level security policy \`team_update_product_inventory\` that re-evaluates current_setting() or auth.<function>() for each row. This produces suboptimal query performance at scale. Resolve the issue by replacing \`auth.<function>()\` with \`(select auth.<function>())\`. See [docs](https://supabase.com/docs/guides/database/postgres/row-level-security#call-functions-with-select) for more info.,https://supabase.com/docs/guides/database/database-linter?lint=0003_auth_rls_initplan,"{""name"":""product_inventory"",""type"":""table"",""schema"":""public""}",auth_rls_init_plan_public_product_inventory_team_update_product_inventory
auth_rls_initplan,Auth RLS Initialization Plan,WARN,EXTERNAL,"[""PERFORMANCE""]",Detects if calls to \`current_setting()\` and \`auth.<function>()\` in RLS policies are being unnecessarily re-evaluated for each row,Table \`public.product_inventory\` has a row level security policy \`team_delete_product_inventory\` that re-evaluates current_setting() or auth.<function>() for each row. This produces suboptimal query performance at scale. Resolve the issue by replacing \`auth.<function>()\` with \`(select auth.<function>())\`. See [docs](https://supabase.com/docs/guides/database/postgres/row-level-security#call-functions-with-select) for more info.,https://supabase.com/docs/guides/database/database-linter?lint=0003_auth_rls_initplan,"{""name"":""product_inventory"",""type"":""table"",""schema"":""public""}",auth_rls_init_plan_public_product_inventory_team_delete_product_inventory
auth_rls_initplan,Auth RLS Initialization Plan,WARN,EXTERNAL,"[""PERFORMANCE""]",Detects if calls to \`current_setting()\` and \`auth.<function>()\` in RLS policies are being unnecessarily re-evaluated for each row,Table \`public.product_media\` has a row level security policy \`team_select_product_media\` that re-evaluates current_setting() or auth.<function>() for each row. This produces suboptimal query performance at scale. Resolve the issue by replacing \`auth.<function>()\` with \`(select auth.<function>())\`. See [docs](https://supabase.com/docs/guides/database/postgres/row-level-security#call-functions-with-select) for more info.,https://supabase.com/docs/guides/database/database-linter?lint=0003_auth_rls_initplan,"{""name"":""product_media"",""type"":""table"",""schema"":""public""}",auth_rls_init_plan_public_product_media_team_select_product_media
auth_rls_initplan,Auth RLS Initialization Plan,WARN,EXTERNAL,"[""PERFORMANCE""]",Detects if calls to \`current_setting()\` and \`auth.<function>()\` in RLS policies are being unnecessarily re-evaluated for each row,Table \`public.product_media\` has a row level security policy \`team_insert_product_media\` that re-evaluates current_setting() or auth.<function>() for each row. This produces suboptimal query performance at scale. Resolve the issue by replacing \`auth.<function>()\` with \`(select auth.<function>())\`. See [docs](https://supabase.com/docs/guides/database/postgres/row-level-security#call-functions-with-select) for more info.,https://supabase.com/docs/guides/database/database-linter?lint=0003_auth_rls_initplan,"{""name"":""product_media"",""type"":""table"",""schema"":""public""}",auth_rls_init_plan_public_product_media_team_insert_product_media
auth_rls_initplan,Auth RLS Initialization Plan,WARN,EXTERNAL,"[""PERFORMANCE""]",Detects if calls to \`current_setting()\` and \`auth.<function>()\` in RLS policies are being unnecessarily re-evaluated for each row,Table \`public.product_media\` has a row level security policy \`team_update_product_media\` that re-evaluates current_setting() or auth.<function>() for each row. This produces suboptimal query performance at scale. Resolve the issue by replacing \`auth.<function>()\` with \`(select auth.<function>())\`. See [docs](https://supabase.com/docs/guides/database/postgres/row-level-security#call-functions-with-select) for more info.,https://supabase.com/docs/guides/database/database-linter?lint=0003_auth_rls_initplan,"{""name"":""product_media"",""type"":""table"",""schema"":""public""}",auth_rls_init_plan_public_product_media_team_update_product_media
auth_rls_initplan,Auth RLS Initialization Plan,WARN,EXTERNAL,"[""PERFORMANCE""]",Detects if calls to \`current_setting()\` and \`auth.<function>()\` in RLS policies are being unnecessarily re-evaluated for each row,Table \`public.product_media\` has a row level security policy \`team_delete_product_media\` that re-evaluates current_setting() or auth.<function>() for each row. This produces suboptimal query performance at scale. Resolve the issue by replacing \`auth.<function>()\` with \`(select auth.<function>())\`. See [docs](https://supabase.com/docs/guides/database/postgres/row-level-security#call-functions-with-select) for more info.,https://supabase.com/docs/guides/database/database-linter?lint=0003_auth_rls_initplan,"{""name"":""product_media"",""type"":""table"",""schema"":""public""}",auth_rls_init_plan_public_product_media_team_delete_product_media
auth_rls_initplan,Auth RLS Initialization Plan,WARN,EXTERNAL,"[""PERFORMANCE""]",Detects if calls to \`current_setting()\` and \`auth.<function>()\` in RLS policies are being unnecessarily re-evaluated for each row,Table \`public.leads\` has a row level security policy \`team_select_leads\` that re-evaluates current_setting() or auth.<function>() for each row. This produces suboptimal query performance at scale. Resolve the issue by replacing \`auth.<function>()\` with \`(select auth.<function>())\`. See [docs](https://supabase.com/docs/guides/database/postgres/row-level-security#call-functions-with-select) for more info.,https://supabase.com/docs/guides/database/database-linter?lint=0003_auth_rls_initplan,"{""name"":""leads"",""type"":""table"",""schema"":""public""}",auth_rls_init_plan_public_leads_team_select_leads
auth_rls_initplan,Auth RLS Initialization Plan,WARN,EXTERNAL,"[""PERFORMANCE""]",Detects if calls to \`current_setting()\` and \`auth.<function>()\` in RLS policies are being unnecessarily re-evaluated for each row,Table \`public.leads\` has a row level security policy \`team_insert_leads\` that re-evaluates current_setting() or auth.<function>() for each row. This produces suboptimal query performance at scale. Resolve the issue by replacing \`auth.<function>()\` with \`(select auth.<function>())\`. See [docs](https://supabase.com/docs/guides/database/postgres/row-level-security#call-functions-with-select) for more info.,https://supabase.com/docs/guides/database/database-linter?lint=0003_auth_rls_initplan,"{""name"":""leads"",""type"":""table"",""schema"":""public""}",auth_rls_init_plan_public_leads_team_insert_leads
auth_rls_initplan,Auth RLS Initialization Plan,WARN,EXTERNAL,"[""PERFORMANCE""]",Detects if calls to \`current_setting()\` and \`auth.<function>()\` in RLS policies are being unnecessarily re-evaluated for each row,Table \`public.leads\` has a row level security policy \`team_update_leads\` that re-evaluates current_setting() or auth.<function>() for each row. This produces suboptimal query performance at scale. Resolve the issue by replacing \`auth.<function>()\` with \`(select auth.<function>())\`. See [docs](https://supabase.com/docs/guides/database/postgres/row-level-security#call-functions-with-select) for more info.,https://supabase.com/docs/guides/database/database-linter?lint=0003_auth_rls_initplan,"{""name"":""leads"",""type"":""table"",""schema"":""public""}",auth_rls_init_plan_public_leads_team_update_leads
auth_rls_initplan,Auth RLS Initialization Plan,WARN,EXTERNAL,"[""PERFORMANCE""]",Detects if calls to \`current_setting()\` and \`auth.<function>()\` in RLS policies are being unnecessarily re-evaluated for each row,Table \`public.leads\` has a row level security policy \`team_delete_leads\` that re-evaluates current_setting() or auth.<function>() for each row. This produces suboptimal query performance at scale. Resolve the issue by replacing \`auth.<function>()\` with \`(select auth.<function>())\`. See [docs](https://supabase.com/docs/guides/database/postgres/row-level-security#call-functions-with-select) for more info.,https://supabase.com/docs/guides/database/database-linter?lint=0003_auth_rls_initplan,"{""name"":""leads"",""type"":""table"",""schema"":""public""}",auth_rls_init_plan_public_leads_team_delete_leads
multiple_permissive_policies,Multiple Permissive Policies,WARN,EXTERNAL,"[""PERFORMANCE""]",Detects if multiple permissive row level security policies are present on a table for the same \`role\` and \`action\` (e.g. insert). Multiple permissive policies are suboptimal for performance as each policy must be executed for every relevant query.,"Table \`public.clients\` has multiple permissive policies for role \`authenticated\` for action \`SELECT\`. Policies include \`{""Allow all operations for service role"",clients_select}\`",https://supabase.com/docs/guides/database/database-linter?lint=0006_multiple_permissive_policies,"{""name"":""clients"",""type"":""table"",""schema"":""public""}",multiple_permissive_policies_public_clients_authenticated_SELECT
multiple_permissive_policies,Multiple Permissive Policies,WARN,EXTERNAL,"[""PERFORMANCE""]",Detects if multiple permissive row level security policies are present on a table for the same \`role\` and \`action\` (e.g. insert). Multiple permissive policies are suboptimal for performance as each policy must be executed for every relevant query.,"Table \`public.invoices\` has multiple permissive policies for role \`authenticated\` for action \`SELECT\`. Policies include \`{""Allow all operations for service role"",invoices_select}\`",https://supabase.com/docs/guides/database/database-linter?lint=0006_multiple_permissive_policies,"{""name"":""invoices"",""type"":""table"",""schema"":""public""}",multiple_permissive_policies_public_invoices_authenticated_SELECT
multiple_permissive_policies,Multiple Permissive Policies,WARN,EXTERNAL,"[""PERFORMANCE""]",Detects if multiple permissive row level security policies are present on a table for the same \`role\` and \`action\` (e.g. insert). Multiple permissive policies are suboptimal for performance as each policy must be executed for every relevant query.,"Table \`public.measurements\` has multiple permissive policies for role \`authenticated\` for action \`SELECT\`. Policies include \`{""Allow all operations for service role"",measurements_select}\`",https://supabase.com/docs/guides/database/database-linter?lint=0006_multiple_permissive_policies,"{""name"":""measurements"",""type"":""table"",""schema"":""public""}",multiple_permissive_policies_public_measurements_authenticated_SELECT
multiple_permissive_policies,Multiple Permissive Policies,WARN,EXTERNAL,"[""PERFORMANCE""]",Detects if multiple permissive row level security policies are present on a table for the same \`role\` and \`action\` (e.g. insert). Multiple permissive policies are suboptimal for performance as each policy must be executed for every relevant query.,"Table \`public.user_invites\` has multiple permissive policies for role \`authenticated\` for action \`SELECT\`. Policies include \`{user_invites_select_by_email,user_invites_team_rw}\`",https://supabase.com/docs/guides/database/database-linter?lint=0006_multiple_permissive_policies,"{""name"":""user_invites"",""type"":""table"",""schema"":""public""}",multiple_permissive_policies_public_user_invites_authenticated_SELECT
duplicate_index,Duplicate Index,WARN,EXTERNAL,"[""PERFORMANCE""]",Detects cases where two ore more identical indexes exist.,"Table \`public.products\` has identical indexes {idx_products_team_updated_at_id,idx_products_team_updated_id}. Drop all except one of them",https://supabase.com/docs/guides/database/database-linter?lint=0009_duplicate_index,"{""name"":""products"",""type"":""table"",""schema"":""public"",""indexes"":[""idx_products_team_updated_at_id"",""idx_products_team_updated_id""]}","duplicate_index_public_products_{idx_products_team_updated_at_id,idx_products_team_updated_id}"
duplicate_index,Duplicate Index,WARN,EXTERNAL,"[""PERFORMANCE""]",Detects cases where two ore more identical indexes exist.,"Table \`public.transactions\` has identical indexes {idx_transactions_team_id,transactions_team_id_idx}. Drop all except one of them",https://supabase.com/docs/guides/database/database-linter?lint=0009_duplicate_index,"{""name"":""transactions"",""type"":""table"",""schema"":""public"",""indexes"":[""idx_transactions_team_id"",""transactions_team_id_idx""]}","duplicate_index_public_transactions_{idx_transactions_team_id,transactions_team_id_idx}"
duplicate_index,Duplicate Index,WARN,EXTERNAL,"[""PERFORMANCE""]",Detects cases where two ore more identical indexes exist.,"Table \`public.transactions\` has identical indexes {idx_transactions_team_date_id,idx_transactions_team_pagination}. Drop all except one of them",https://supabase.com/docs/guides/database/database-linter?lint=0009_duplicate_index,"{""name"":""transactions"",""type"":""table"",""schema"":""public"",""indexes"":[""idx_transactions_team_date_id"",""idx_transactions_team_pagination""]}","duplicate_index_public_transactions_{idx_transactions_team_date_id,idx_transactions_team_pagination}"
duplicate_index,Duplicate Index,WARN,EXTERNAL,"[""PERFORMANCE""]",Detects cases where two ore more identical indexes exist.,"Table \`public.transactions\` has identical indexes {idx_transactions_date,idx_transactions_transaction_date}. Drop all except one of them",https://supabase.com/docs/guides/database/database-linter?lint=0009_duplicate_index,"{""name"":""transactions"",""type"":""table"",""schema"":""public"",""indexes"":[""idx_transactions_date"",""idx_transactions_transaction_date""]}","duplicate_index_public_transactions_{idx_transactions_date,idx_transactions_transaction_date}"
duplicate_index,Duplicate Index,WARN,EXTERNAL,"[""PERFORMANCE""]",Detects cases where two ore more identical indexes exist.,"Table \`public.transactions\` has identical indexes {idx_transactions_description_trgm,idx_transactions_description_trigram}. Drop all except one of them",https://supabase.com/docs/guides/database/database-linter?lint=0009_duplicate_index,"{""name"":""transactions"",""type"":""table"",""schema"":""public"",""indexes"":[""idx_transactions_description_trgm"",""idx_transactions_description_trigram""]}","duplicate_index_public_transactions_{idx_transactions_description_trgm,idx_transactions_description_trigram}"
duplicate_index,Duplicate Index,WARN,EXTERNAL,"[""PERFORMANCE""]",Detects cases where two ore more identical indexes exist.,"Table \`public.transactions\` has identical indexes {idx_transactions_name_trgm,idx_transactions_name_trigram}. Drop all except one of them",https://supabase.com/docs/guides/database/database-linter?lint=0009_duplicate_index,"{""name"":""transactions"",""type"":""table"",""schema"":""public"",""indexes"":[""idx_transactions_name_trgm"",""idx_transactions_name_trigram""]}","duplicate_index_public_transactions_{idx_transactions_name_trgm,idx_transactions_name_trigram}"
duplicate_index,Duplicate Index,WARN,EXTERNAL,"[""PERFORMANCE""]",Detects cases where two ore more identical indexes exist.,"Table \`public.user_invites\` has identical indexes {uq_user_invites_code,user_invites_code_key}. Drop all except one of them",https://supabase.com/docs/guides/database/database-linter?lint=0009_duplicate_index,"{""name"":""user_invites"",""type"":""table"",""schema"":""public"",""indexes"":[""uq_user_invites_code"",""user_invites_code_key""]}","duplicate_index_public_user_invites_{uq_user_invites_code,user_invites_code_key}"
duplicate_index,Duplicate Index,WARN,EXTERNAL,"[""PERFORMANCE""]",Detects cases where two ore more identical indexes exist.,"Table \`public.user_invites\` has identical indexes {uq_user_invites_team_email,user_invites_team_id_email_key}. Drop all except one of them",https://supabase.com/docs/guides/database/database-linter?lint=0009_duplicate_index,"{""name"":""user_invites"",""type"":""table"",""schema"":""public"",""indexes"":[""uq_user_invites_team_email"",""user_invites_team_id_email_key""]}","duplicate_index_public_user_invites_{uq_user_invites_team_email,user_invites_team_id_email_key}"