name,title,level,facing,categories,description,detail,remediation,metadata,cache_key
unindexed_foreign_keys,Unindexed foreign keys,INFO,EXTERNAL,"[""PERFORMANCE""]","Identifies foreign key constraints without a covering index, which can impact database performance.",Table \`public.activities\` has a foreign key \`activities_user_id_fkey\` without a covering index. This can lead to suboptimal query performance.,https://supabase.com/docs/guides/database/database-linter?lint=0001_unindexed_foreign_keys,"{""name"":""activities"",""type"":""table"",""schema"":""public"",""fkey_name"":""activities_user_id_fkey"",""fkey_columns"":[3]}",unindexed_foreign_keys_public_activities_activities_user_id_fkey
unindexed_foreign_keys,Unindexed foreign keys,INFO,EXTERNAL,"[""PERFORMANCE""]","Identifies foreign key constraints without a covering index, which can impact database performance.",Table \`public.appointments\` has a foreign key \`appointments_client_id_fkey\` without a covering index. This can lead to suboptimal query performance.,https://supabase.com/docs/guides/database/database-linter?lint=0001_unindexed_foreign_keys,"{""name"":""appointments"",""type"":""table"",""schema"":""public"",""fkey_name"":""appointments_client_id_fkey"",""fkey_columns"":[3]}",unindexed_foreign_keys_public_appointments_appointments_client_id_fkey
unindexed_foreign_keys,Unindexed foreign keys,INFO,EXTERNAL,"[""PERFORMANCE""]","Identifies foreign key constraints without a covering index, which can impact database performance.",Table \`public.appointments\` has a foreign key \`appointments_staff_user_id_fkey\` without a covering index. This can lead to suboptimal query performance.,https://supabase.com/docs/guides/database/database-linter?lint=0001_unindexed_foreign_keys,"{""name"":""appointments"",""type"":""table"",""schema"":""public"",""fkey_name"":""appointments_staff_user_id_fkey"",""fkey_columns"":[4]}",unindexed_foreign_keys_public_appointments_appointments_staff_user_id_fkey
unindexed_foreign_keys,Unindexed foreign keys,INFO,EXTERNAL,"[""PERFORMANCE""]","Identifies foreign key constraints without a covering index, which can impact database performance.",Table \`public.bank_statement_allocations\` has a foreign key \`bank_statement_allocations_transaction_id_fkey\` without a covering index. This can lead to suboptimal query performance.,https://supabase.com/docs/guides/database/database-linter?lint=0001_unindexed_foreign_keys,"{""name"":""bank_statement_allocations"",""type"":""table"",""schema"":""public"",""fkey_name"":""bank_statement_allocations_transaction_id_fkey"",""fkey_columns"":[3]}",unindexed_foreign_keys_public_bank_statement_allocations_bank_statement_allocations_transaction_id_fkey
unindexed_foreign_keys,Unindexed foreign keys,INFO,EXTERNAL,"[""PERFORMANCE""]","Identifies foreign key constraints without a covering index, which can impact database performance.",Table \`public.communication_outbox\` has a foreign key \`communication_outbox_account_id_fkey\` without a covering index. This can lead to suboptimal query performance.,https://supabase.com/docs/guides/database/database-linter?lint=0001_unindexed_foreign_keys,"{""name"":""communication_outbox"",""type"":""table"",""schema"":""public"",""fkey_name"":""communication_outbox_account_id_fkey"",""fkey_columns"":[4]}",unindexed_foreign_keys_public_communication_outbox_communication_outbox_account_id_fkey
unindexed_foreign_keys,Unindexed foreign keys,INFO,EXTERNAL,"[""PERFORMANCE""]","Identifies foreign key constraints without a covering index, which can impact database performance.",Table \`public.communication_threads\` has a foreign key \`communication_threads_assigned_user_id_fkey\` without a covering index. This can lead to suboptimal query performance.,https://supabase.com/docs/guides/database/database-linter?lint=0001_unindexed_foreign_keys,"{""name"":""communication_threads"",""type"":""table"",""schema"":""public"",""fkey_name"":""communication_threads_assigned_user_id_fkey"",""fkey_columns"":[8]}",unindexed_foreign_keys_public_communication_threads_communication_threads_assigned_user_id_fkey
unindexed_foreign_keys,Unindexed foreign keys,INFO,EXTERNAL,"[""PERFORMANCE""]","Identifies foreign key constraints without a covering index, which can impact database performance.",Table \`public.communication_threads\` has a foreign key \`communication_threads_customer_id_fkey\` without a covering index. This can lead to suboptimal query performance.,https://supabase.com/docs/guides/database/database-linter?lint=0001_unindexed_foreign_keys,"{""name"":""communication_threads"",""type"":""table"",""schema"":""public"",""fkey_name"":""communication_threads_customer_id_fkey"",""fkey_columns"":[4]}",unindexed_foreign_keys_public_communication_threads_communication_threads_customer_id_fkey
unindexed_foreign_keys,Unindexed foreign keys,INFO,EXTERNAL,"[""PERFORMANCE""]","Identifies foreign key constraints without a covering index, which can impact database performance.",Table \`public.communication_threads\` has a foreign key \`communication_threads_instagram_contact_id_fkey\` without a covering index. This can lead to suboptimal query performance.,https://supabase.com/docs/guides/database/database-linter?lint=0001_unindexed_foreign_keys,"{""name"":""communication_threads"",""type"":""table"",""schema"":""public"",""fkey_name"":""communication_threads_instagram_contact_id_fkey"",""fkey_columns"":[13]}",unindexed_foreign_keys_public_communication_threads_communication_threads_instagram_contact_id_fkey
unindexed_foreign_keys,Unindexed foreign keys,INFO,EXTERNAL,"[""PERFORMANCE""]","Identifies foreign key constraints without a covering index, which can impact database performance.",Table \`public.communication_threads\` has a foreign key \`communication_threads_whatsapp_contact_id_fkey\` without a covering index. This can lead to suboptimal query performance.,https://supabase.com/docs/guides/database/database-linter?lint=0001_unindexed_foreign_keys,"{""name"":""communication_threads"",""type"":""table"",""schema"":""public"",""fkey_name"":""communication_threads_whatsapp_contact_id_fkey"",""fkey_columns"":[12]}",unindexed_foreign_keys_public_communication_threads_communication_threads_whatsapp_contact_id_fkey
unindexed_foreign_keys,Unindexed foreign keys,INFO,EXTERNAL,"[""PERFORMANCE""]","Identifies foreign key constraints without a covering index, which can impact database performance.",Table \`public.documents\` has a foreign key \`documents_uploaded_by_users_id_fk\` without a covering index. This can lead to suboptimal query performance.,https://supabase.com/docs/guides/database/database-linter?lint=0001_unindexed_foreign_keys,"{""name"":""documents"",""type"":""table"",""schema"":""public"",""fkey_name"":""documents_uploaded_by_users_id_fk"",""fkey_columns"":[13]}",unindexed_foreign_keys_public_documents_documents_uploaded_by_users_id_fk
unindexed_foreign_keys,Unindexed foreign keys,INFO,EXTERNAL,"[""PERFORMANCE""]","Identifies foreign key constraints without a covering index, which can impact database performance.",Table \`public.invoice_items\` has a foreign key \`invoice_items_order_item_id_fkey\` without a covering index. This can lead to suboptimal query performance.,https://supabase.com/docs/guides/database/database-linter?lint=0001_unindexed_foreign_keys,"{""name"":""invoice_items"",""type"":""table"",""schema"":""public"",""fkey_name"":""invoice_items_order_item_id_fkey"",""fkey_columns"":[3]}",unindexed_foreign_keys_public_invoice_items_invoice_items_order_item_id_fkey
unindexed_foreign_keys,Unindexed foreign keys,INFO,EXTERNAL,"[""PERFORMANCE""]","Identifies foreign key constraints without a covering index, which can impact database performance.",Table \`public.leads\` has a foreign key \`leads_customer_id_fkey\` without a covering index. This can lead to suboptimal query performance.,https://supabase.com/docs/guides/database/database-linter?lint=0001_unindexed_foreign_keys,"{""name"":""leads"",""type"":""table"",""schema"":""public"",""fkey_name"":""leads_customer_id_fkey"",""fkey_columns"":[4]}",unindexed_foreign_keys_public_leads_leads_customer_id_fkey
unindexed_foreign_keys,Unindexed foreign keys,INFO,EXTERNAL,"[""PERFORMANCE""]","Identifies foreign key constraints without a covering index, which can impact database performance.",Table \`public.leads\` has a foreign key \`leads_instagram_contact_fk\` without a covering index. This can lead to suboptimal query performance.,https://supabase.com/docs/guides/database/database-linter?lint=0001_unindexed_foreign_keys,"{""name"":""leads"",""type"":""table"",""schema"":""public"",""fkey_name"":""leads_instagram_contact_fk"",""fkey_columns"":[20]}",unindexed_foreign_keys_public_leads_leads_instagram_contact_fk
unindexed_foreign_keys,Unindexed foreign keys,INFO,EXTERNAL,"[""PERFORMANCE""]","Identifies foreign key constraints without a covering index, which can impact database performance.",Table \`public.leads\` has a foreign key \`leads_owner_user_id_fkey\` without a covering index. This can lead to suboptimal query performance.,https://supabase.com/docs/guides/database/database-linter?lint=0001_unindexed_foreign_keys,"{""name"":""leads"",""type"":""table"",""schema"":""public"",""fkey_name"":""leads_owner_user_id_fkey"",""fkey_columns"":[5]}",unindexed_foreign_keys_public_leads_leads_owner_user_id_fkey
unindexed_foreign_keys,Unindexed foreign keys,INFO,EXTERNAL,"[""PERFORMANCE""]","Identifies foreign key constraints without a covering index, which can impact database performance.",Table \`public.leads\` has a foreign key \`leads_thread_id_fkey\` without a covering index. This can lead to suboptimal query performance.,https://supabase.com/docs/guides/database/database-linter?lint=0001_unindexed_foreign_keys,"{""name"":""leads"",""type"":""table"",""schema"":""public"",""fkey_name"":""leads_thread_id_fkey"",""fkey_columns"":[3]}",unindexed_foreign_keys_public_leads_leads_thread_id_fkey
unindexed_foreign_keys,Unindexed foreign keys,INFO,EXTERNAL,"[""PERFORMANCE""]","Identifies foreign key constraints without a covering index, which can impact database performance.",Table \`public.leads\` has a foreign key \`leads_whatsapp_contact_fk\` without a covering index. This can lead to suboptimal query performance.,https://supabase.com/docs/guides/database/database-linter?lint=0001_unindexed_foreign_keys,"{""name"":""leads"",""type"":""table"",""schema"":""public"",""fkey_name"":""leads_whatsapp_contact_fk"",""fkey_columns"":[19]}",unindexed_foreign_keys_public_leads_leads_whatsapp_contact_fk
unindexed_foreign_keys,Unindexed foreign keys,INFO,EXTERNAL,"[""PERFORMANCE""]","Identifies foreign key constraints without a covering index, which can impact database performance.",Table \`public.measurements\` has a foreign key \`measurements_previous_version_id_measurements_id_fk\` without a covering index. This can lead to suboptimal query performance.,https://supabase.com/docs/guides/database/database-linter?lint=0001_unindexed_foreign_keys,"{""name"":""measurements"",""type"":""table"",""schema"":""public"",""fkey_name"":""measurements_previous_version_id_measurements_id_fk"",""fkey_columns"":[14]}",unindexed_foreign_keys_public_measurements_measurements_previous_version_id_measurements_id_fk
unindexed_foreign_keys,Unindexed foreign keys,INFO,EXTERNAL,"[""PERFORMANCE""]","Identifies foreign key constraints without a covering index, which can impact database performance.",Table \`public.message_attachments\` has a foreign key \`message_attachments_message_id_fkey\` without a covering index. This can lead to suboptimal query performance.,https://supabase.com/docs/guides/database/database-linter?lint=0001_unindexed_foreign_keys,"{""name"":""message_attachments"",""type"":""table"",""schema"":""public"",""fkey_name"":""message_attachments_message_id_fkey"",""fkey_columns"":[2]}",unindexed_foreign_keys_public_message_attachments_message_attachments_message_id_fkey
unindexed_foreign_keys,Unindexed foreign keys,INFO,EXTERNAL,"[""PERFORMANCE""]","Identifies foreign key constraints without a covering index, which can impact database performance.",Table \`public.message_delivery\` has a foreign key \`message_delivery_message_id_fkey\` without a covering index. This can lead to suboptimal query performance.,https://supabase.com/docs/guides/database/database-linter?lint=0001_unindexed_foreign_keys,"{""name"":""message_delivery"",""type"":""table"",""schema"":""public"",""fkey_name"":""message_delivery_message_id_fkey"",""fkey_columns"":[2]}",unindexed_foreign_keys_public_message_delivery_message_delivery_message_id_fkey
unindexed_foreign_keys,Unindexed foreign keys,INFO,EXTERNAL,"[""PERFORMANCE""]","Identifies foreign key constraints without a covering index, which can impact database performance.",Table \`public.notification_settings\` has a foreign key \`notification_settings_team_id_fkey\` without a covering index. This can lead to suboptimal query performance.,https://supabase.com/docs/guides/database/database-linter?lint=0001_unindexed_foreign_keys,"{""name"":""notification_settings"",""type"":""table"",""schema"":""public"",""fkey_name"":""notification_settings_team_id_fkey"",""fkey_columns"":[3]}",unindexed_foreign_keys_public_notification_settings_notification_settings_team_id_fkey
unindexed_foreign_keys,Unindexed foreign keys,INFO,EXTERNAL,"[""PERFORMANCE""]","Identifies foreign key constraints without a covering index, which can impact database performance.",Table \`public.oauth_access_tokens\` has a foreign key \`oauth_access_tokens_team_id_fkey\` without a covering index. This can lead to suboptimal query performance.,https://supabase.com/docs/guides/database/database-linter?lint=0001_unindexed_foreign_keys,"{""name"":""oauth_access_tokens"",""type"":""table"",""schema"":""public"",""fkey_name"":""oauth_access_tokens_team_id_fkey"",""fkey_columns"":[6]}",unindexed_foreign_keys_public_oauth_access_tokens_oauth_access_tokens_team_id_fkey
unindexed_foreign_keys,Unindexed foreign keys,INFO,EXTERNAL,"[""PERFORMANCE""]","Identifies foreign key constraints without a covering index, which can impact database performance.",Table \`public.oauth_applications\` has a foreign key \`oauth_applications_created_by_fkey\` without a covering index. This can lead to suboptimal query performance.,https://supabase.com/docs/guides/database/database-linter?lint=0001_unindexed_foreign_keys,"{""name"":""oauth_applications"",""type"":""table"",""schema"":""public"",""fkey_name"":""oauth_applications_created_by_fkey"",""fkey_columns"":[16]}",unindexed_foreign_keys_public_oauth_applications_oauth_applications_created_by_fkey
unindexed_foreign_keys,Unindexed foreign keys,INFO,EXTERNAL,"[""PERFORMANCE""]","Identifies foreign key constraints without a covering index, which can impact database performance.",Table \`public.oauth_authorization_codes\` has a foreign key \`oauth_authorization_codes_team_id_fkey\` without a covering index. This can lead to suboptimal query performance.,https://supabase.com/docs/guides/database/database-linter?lint=0001_unindexed_foreign_keys,"{""name"":""oauth_authorization_codes"",""type"":""table"",""schema"":""public"",""fkey_name"":""oauth_authorization_codes_team_id_fkey"",""fkey_columns"":[5]}",unindexed_foreign_keys_public_oauth_authorization_codes_oauth_authorization_codes_team_id_fkey
unindexed_foreign_keys,Unindexed foreign keys,INFO,EXTERNAL,"[""PERFORMANCE""]","Identifies foreign key constraints without a covering index, which can impact database performance.",Table \`public.product_inventory\` has a foreign key \`product_inventory_location_id_fkey\` without a covering index. This can lead to suboptimal query performance.,https://supabase.com/docs/guides/database/database-linter?lint=0001_unindexed_foreign_keys,"{""name"":""product_inventory"",""type"":""table"",""schema"":""public"",""fkey_name"":""product_inventory_location_id_fkey"",""fkey_columns"":[2]}",unindexed_foreign_keys_public_product_inventory_product_inventory_location_id_fkey
unindexed_foreign_keys,Unindexed foreign keys,INFO,EXTERNAL,"[""PERFORMANCE""]","Identifies foreign key constraints without a covering index, which can impact database performance.",Table \`public.saved_inbox_views\` has a foreign key \`saved_inbox_views_owner_user_id_fkey\` without a covering index. This can lead to suboptimal query performance.,https://supabase.com/docs/guides/database/database-linter?lint=0001_unindexed_foreign_keys,"{""name"":""saved_inbox_views"",""type"":""table"",""schema"":""public"",""fkey_name"":""saved_inbox_views_owner_user_id_fkey"",""fkey_columns"":[5]}",unindexed_foreign_keys_public_saved_inbox_views_saved_inbox_views_owner_user_id_fkey
unindexed_foreign_keys,Unindexed foreign keys,INFO,EXTERNAL,"[""PERFORMANCE""]","Identifies foreign key constraints without a covering index, which can impact database performance.",Table \`public.transaction_enrichments\` has a foreign key \`fk_suggested_category\` without a covering index. This can lead to suboptimal query performance.,https://supabase.com/docs/guides/database/database-linter?lint=0001_unindexed_foreign_keys,"{""name"":""transaction_enrichments"",""type"":""table"",""schema"":""public"",""fkey_name"":""fk_suggested_category"",""fkey_columns"":[2,4]}",unindexed_foreign_keys_public_transaction_enrichments_fk_suggested_category
unindexed_foreign_keys,Unindexed foreign keys,INFO,EXTERNAL,"[""PERFORMANCE""]","Identifies foreign key constraints without a covering index, which can impact database performance.",Table \`public.transaction_enrichments\` has a foreign key \`transaction_enrichments_team_id_fkey\` without a covering index. This can lead to suboptimal query performance.,https://supabase.com/docs/guides/database/database-linter?lint=0001_unindexed_foreign_keys,"{""name"":""transaction_enrichments"",""type"":""table"",""schema"":""public"",""fkey_name"":""transaction_enrichments_team_id_fkey"",""fkey_columns"":[2]}",unindexed_foreign_keys_public_transaction_enrichments_transaction_enrichments_team_id_fkey
unindexed_foreign_keys,Unindexed foreign keys,INFO,EXTERNAL,"[""PERFORMANCE""]","Identifies foreign key constraints without a covering index, which can impact database performance.",Table \`public.user_invites\` has a foreign key \`user_invites_invited_by_fkey\` without a covering index. This can lead to suboptimal query performance.,https://supabase.com/docs/guides/database/database-linter?lint=0001_unindexed_foreign_keys,"{""name"":""user_invites"",""type"":""table"",""schema"":""public"",""fkey_name"":""user_invites_invited_by_fkey"",""fkey_columns"":[6]}",unindexed_foreign_keys_public_user_invites_user_invites_invited_by_fkey
unindexed_foreign_keys,Unindexed foreign keys,INFO,EXTERNAL,"[""PERFORMANCE""]","Identifies foreign key constraints without a covering index, which can impact database performance.",Table \`public.users\` has a foreign key \`users_current_team_id_fkey\` without a covering index. This can lead to suboptimal query performance.,https://supabase.com/docs/guides/database/database-linter?lint=0001_unindexed_foreign_keys,"{""name"":""users"",""type"":""table"",""schema"":""public"",""fkey_name"":""users_current_team_id_fkey"",""fkey_columns"":[5]}",unindexed_foreign_keys_public_users_users_current_team_id_fkey
unused_index,Unused Index,INFO,EXTERNAL,"[""PERFORMANCE""]",Detects if an index has never been used and may be a candidate for removal.,Index \`idx_clients_name\` on table \`public.clients\` has not been used,https://supabase.com/docs/guides/database/database-linter?lint=0005_unused_index,"{""name"":""clients"",""type"":""table"",""schema"":""public""}",unused_index_public_clients_idx_clients_name
unused_index,Unused Index,INFO,EXTERNAL,"[""PERFORMANCE""]",Detects if an index has never been used and may be a candidate for removal.,Index \`idx_clients_phone\` on table \`public.clients\` has not been used,https://supabase.com/docs/guides/database/database-linter?lint=0005_unused_index,"{""name"":""clients"",""type"":""table"",""schema"":""public""}",unused_index_public_clients_idx_clients_phone
unused_index,Unused Index,INFO,EXTERNAL,"[""PERFORMANCE""]",Detects if an index has never been used and may be a candidate for removal.,Index \`idx_clients_whatsapp\` on table \`public.clients\` has not been used,https://supabase.com/docs/guides/database/database-linter?lint=0005_unused_index,"{""name"":""clients"",""type"":""table"",""schema"":""public""}",unused_index_public_clients_idx_clients_whatsapp
unused_index,Unused Index,INFO,EXTERNAL,"[""PERFORMANCE""]",Detects if an index has never been used and may be a candidate for removal.,Index \`idx_clients_email\` on table \`public.clients\` has not been used,https://supabase.com/docs/guides/database/database-linter?lint=0005_unused_index,"{""name"":""clients"",""type"":""table"",""schema"":""public""}",unused_index_public_clients_idx_clients_email
unused_index,Unused Index,INFO,EXTERNAL,"[""PERFORMANCE""]",Detects if an index has never been used and may be a candidate for removal.,Index \`idx_clients_deleted_at\` on table \`public.clients\` has not been used,https://supabase.com/docs/guides/database/database-linter?lint=0005_unused_index,"{""name"":""clients"",""type"":""table"",""schema"":""public""}",unused_index_public_clients_idx_clients_deleted_at
unused_index,Unused Index,INFO,EXTERNAL,"[""PERFORMANCE""]",Detects if an index has never been used and may be a candidate for removal.,Index \`idx_clients_name_trgm\` on table \`public.clients\` has not been used,https://supabase.com/docs/guides/database/database-linter?lint=0005_unused_index,"{""name"":""clients"",""type"":""table"",""schema"":""public""}",unused_index_public_clients_idx_clients_name_trgm
unused_index,Unused Index,INFO,EXTERNAL,"[""PERFORMANCE""]",Detects if an index has never been used and may be a candidate for removal.,Index \`idx_comm_outbox_status_next_attempt\` on table \`public.communication_outbox\` has not been used,https://supabase.com/docs/guides/database/database-linter?lint=0005_unused_index,"{""name"":""communication_outbox"",""type"":""table"",""schema"":""public""}",unused_index_public_communication_outbox_idx_comm_outbox_status_next_attempt
unused_index,Unused Index,INFO,EXTERNAL,"[""PERFORMANCE""]",Detects if an index has never been used and may be a candidate for removal.,Index \`idx_comm_outbox_provider_message_id\` on table \`public.communication_outbox\` has not been used,https://supabase.com/docs/guides/database/database-linter?lint=0005_unused_index,"{""name"":""communication_outbox"",""type"":""table"",""schema"":""public""}",unused_index_public_communication_outbox_idx_comm_outbox_provider_message_id
unused_index,Unused Index,INFO,EXTERNAL,"[""PERFORMANCE""]",Detects if an index has never been used and may be a candidate for removal.,Index \`idx_orders_client_id\` on table \`public.orders\` has not been used,https://supabase.com/docs/guides/database/database-linter?lint=0005_unused_index,"{""name"":""orders"",""type"":""table"",""schema"":""public""}",unused_index_public_orders_idx_orders_client_id
unused_index,Unused Index,INFO,EXTERNAL,"[""PERFORMANCE""]",Detects if an index has never been used and may be a candidate for removal.,Index \`idx_orders_order_number\` on table \`public.orders\` has not been used,https://supabase.com/docs/guides/database/database-linter?lint=0005_unused_index,"{""name"":""orders"",""type"":""table"",""schema"":""public""}",unused_index_public_orders_idx_orders_order_number
unused_index,Unused Index,INFO,EXTERNAL,"[""PERFORMANCE""]",Detects if an index has never been used and may be a candidate for removal.,Index \`idx_measurements_client_id\` on table \`public.measurements\` has not been used,https://supabase.com/docs/guides/database/database-linter?lint=0005_unused_index,"{""name"":""measurements"",""type"":""table"",""schema"":""public""}",unused_index_public_measurements_idx_measurements_client_id
unused_index,Unused Index,INFO,EXTERNAL,"[""PERFORMANCE""]",Detects if an index has never been used and may be a candidate for removal.,Index \`idx_invoices_order_id\` on table \`public.invoices\` has not been used,https://supabase.com/docs/guides/database/database-linter?lint=0005_unused_index,"{""name"":""invoices"",""type"":""table"",""schema"":""public""}",unused_index_public_invoices_idx_invoices_order_id
unused_index,Unused Index,INFO,EXTERNAL,"[""PERFORMANCE""]",Detects if an index has never been used and may be a candidate for removal.,Index \`idx_transactions_client_id\` on table \`public.transactions\` has not been used,https://supabase.com/docs/guides/database/database-linter?lint=0005_unused_index,"{""name"":""transactions"",""type"":""table"",""schema"":""public""}",unused_index_public_transactions_idx_transactions_client_id
unused_index,Unused Index,INFO,EXTERNAL,"[""PERFORMANCE""]",Detects if an index has never been used and may be a candidate for removal.,Index \`idx_transactions_invoice_id\` on table \`public.transactions\` has not been used,https://supabase.com/docs/guides/database/database-linter?lint=0005_unused_index,"{""name"":""transactions"",""type"":""table"",""schema"":""public""}",unused_index_public_transactions_idx_transactions_invoice_id
unused_index,Unused Index,INFO,EXTERNAL,"[""PERFORMANCE""]",Detects if an index has never been used and may be a candidate for removal.,Index \`idx_transactions_date\` on table \`public.transactions\` has not been used,https://supabase.com/docs/guides/database/database-linter?lint=0005_unused_index,"{""name"":""transactions"",""type"":""table"",""schema"":""public""}",unused_index_public_transactions_idx_transactions_date
unused_index,Unused Index,INFO,EXTERNAL,"[""PERFORMANCE""]",Detects if an index has never been used and may be a candidate for removal.,Index \`oauth_access_tokens_token_idx\` on table \`public.oauth_access_tokens\` has not been used,https://supabase.com/docs/guides/database/database-linter?lint=0005_unused_index,"{""name"":""oauth_access_tokens"",""type"":""table"",""schema"":""public""}",unused_index_public_oauth_access_tokens_oauth_access_tokens_token_idx
unused_index,Unused Index,INFO,EXTERNAL,"[""PERFORMANCE""]",Detects if an index has never been used and may be a candidate for removal.,Index \`oauth_access_tokens_refresh_token_idx\` on table \`public.oauth_access_tokens\` has not been used,https://supabase.com/docs/guides/database/database-linter?lint=0005_unused_index,"{""name"":""oauth_access_tokens"",""type"":""table"",""schema"":""public""}",unused_index_public_oauth_access_tokens_oauth_access_tokens_refresh_token_idx
unused_index,Unused Index,INFO,EXTERNAL,"[""PERFORMANCE""]",Detects if an index has never been used and may be a candidate for removal.,Index \`oauth_access_tokens_application_id_idx\` on table \`public.oauth_access_tokens\` has not been used,https://supabase.com/docs/guides/database/database-linter?lint=0005_unused_index,"{""name"":""oauth_access_tokens"",""type"":""table"",""schema"":""public""}",unused_index_public_oauth_access_tokens_oauth_access_tokens_application_id_idx
unused_index,Unused Index,INFO,EXTERNAL,"[""PERFORMANCE""]",Detects if an index has never been used and may be a candidate for removal.,Index \`oauth_access_tokens_user_id_idx\` on table \`public.oauth_access_tokens\` has not been used,https://supabase.com/docs/guides/database/database-linter?lint=0005_unused_index,"{""name"":""oauth_access_tokens"",""type"":""table"",""schema"":""public""}",unused_index_public_oauth_access_tokens_oauth_access_tokens_user_id_idx
unused_index,Unused Index,INFO,EXTERNAL,"[""PERFORMANCE""]",Detects if an index has never been used and may be a candidate for removal.,Index \`idx_transactions_type\` on table \`public.transactions\` has not been used,https://supabase.com/docs/guides/database/database-linter?lint=0005_unused_index,"{""name"":""transactions"",""type"":""table"",""schema"":""public""}",unused_index_public_transactions_idx_transactions_type
unused_index,Unused Index,INFO,EXTERNAL,"[""PERFORMANCE""]",Detects if an index has never been used and may be a candidate for removal.,Index \`idx_transactions_status\` on table \`public.transactions\` has not been used,https://supabase.com/docs/guides/database/database-linter?lint=0005_unused_index,"{""name"":""transactions"",""type"":""table"",""schema"":""public""}",unused_index_public_transactions_idx_transactions_status
unused_index,Unused Index,INFO,EXTERNAL,"[""PERFORMANCE""]",Detects if an index has never been used and may be a candidate for removal.,Index \`idx_measurements_garment_type\` on table \`public.measurements\` has not been used,https://supabase.com/docs/guides/database/database-linter?lint=0005_unused_index,"{""name"":""measurements"",""type"":""table"",""schema"":""public""}",unused_index_public_measurements_idx_measurements_garment_type
unused_index,Unused Index,INFO,EXTERNAL,"[""PERFORMANCE""]",Detects if an index has never been used and may be a candidate for removal.,Index \`idx_measurements_taken_at\` on table \`public.measurements\` has not been used,https://supabase.com/docs/guides/database/database-linter?lint=0005_unused_index,"{""name"":""measurements"",""type"":""table"",""schema"":""public""}",unused_index_public_measurements_idx_measurements_taken_at
unused_index,Unused Index,INFO,EXTERNAL,"[""PERFORMANCE""]",Detects if an index has never been used and may be a candidate for removal.,Index \`oauth_access_tokens_expires_at_idx\` on table \`public.oauth_access_tokens\` has not been used,https://supabase.com/docs/guides/database/database-linter?lint=0005_unused_index,"{""name"":""oauth_access_tokens"",""type"":""table"",""schema"":""public""}",unused_index_public_oauth_access_tokens_oauth_access_tokens_expires_at_idx
unused_index,Unused Index,INFO,EXTERNAL,"[""PERFORMANCE""]",Detects if an index has never been used and may be a candidate for removal.,Index \`idx_measurements_deleted_at\` on table \`public.measurements\` has not been used,https://supabase.com/docs/guides/database/database-linter?lint=0005_unused_index,"{""name"":""measurements"",""type"":""table"",""schema"":""public""}",unused_index_public_measurements_idx_measurements_deleted_at
unused_index,Unused Index,INFO,EXTERNAL,"[""PERFORMANCE""]",Detects if an index has never been used and may be a candidate for removal.,Index \`idx_documents_client_id\` on table \`public.documents\` has not been used,https://supabase.com/docs/guides/database/database-linter?lint=0005_unused_index,"{""name"":""documents"",""type"":""table"",""schema"":""public""}",unused_index_public_documents_idx_documents_client_id
unused_index,Unused Index,INFO,EXTERNAL,"[""PERFORMANCE""]",Detects if an index has never been used and may be a candidate for removal.,Index \`idx_documents_created_at\` on table \`public.documents\` has not been used,https://supabase.com/docs/guides/database/database-linter?lint=0005_unused_index,"{""name"":""documents"",""type"":""table"",""schema"":""public""}",unused_index_public_documents_idx_documents_created_at
unused_index,Unused Index,INFO,EXTERNAL,"[""PERFORMANCE""]",Detects if an index has never been used and may be a candidate for removal.,Index \`idx_documents_deleted_at\` on table \`public.documents\` has not been used,https://supabase.com/docs/guides/database/database-linter?lint=0005_unused_index,"{""name"":""documents"",""type"":""table"",""schema"":""public""}",unused_index_public_documents_idx_documents_deleted_at
unused_index,Unused Index,INFO,EXTERNAL,"[""PERFORMANCE""]",Detects if an index has never been used and may be a candidate for removal.,Index \`idx_measurements_group_id\` on table \`public.measurements\` has not been used,https://supabase.com/docs/guides/database/database-linter?lint=0005_unused_index,"{""name"":""measurements"",""type"":""table"",""schema"":""public""}",unused_index_public_measurements_idx_measurements_group_id
unused_index,Unused Index,INFO,EXTERNAL,"[""PERFORMANCE""]",Detects if an index has never been used and may be a candidate for removal.,Index \`idx_measurements_client_active\` on table \`public.measurements\` has not been used,https://supabase.com/docs/guides/database/database-linter?lint=0005_unused_index,"{""name"":""measurements"",""type"":""table"",""schema"":""public""}",unused_index_public_measurements_idx_measurements_client_active
unused_index,Unused Index,INFO,EXTERNAL,"[""PERFORMANCE""]",Detects if an index has never been used and may be a candidate for removal.,Index \`idx_orders_idempotency_key\` on table \`public.orders\` has not been used,https://supabase.com/docs/guides/database/database-linter?lint=0005_unused_index,"{""name"":""orders"",""type"":""table"",""schema"":""public""}",unused_index_public_orders_idx_orders_idempotency_key
unused_index,Unused Index,INFO,EXTERNAL,"[""PERFORMANCE""]",Detects if an index has never been used and may be a candidate for removal.,Index \`idx_measurements_tags\` on table \`public.measurements\` has not been used,https://supabase.com/docs/guides/database/database-linter?lint=0005_unused_index,"{""name"":""measurements"",""type"":""table"",""schema"":""public""}",unused_index_public_measurements_idx_measurements_tags
unused_index,Unused Index,INFO,EXTERNAL,"[""PERFORMANCE""]",Detects if an index has never been used and may be a candidate for removal.,Index \`idx_invoices_idempotency_key\` on table \`public.invoices\` has not been used,https://supabase.com/docs/guides/database/database-linter?lint=0005_unused_index,"{""name"":""invoices"",""type"":""table"",""schema"":""public""}",unused_index_public_invoices_idx_invoices_idempotency_key
unused_index,Unused Index,INFO,EXTERNAL,"[""PERFORMANCE""]",Detects if an index has never been used and may be a candidate for removal.,Index \`idx_clients_team_id\` on table \`public.clients\` has not been used,https://supabase.com/docs/guides/database/database-linter?lint=0005_unused_index,"{""name"":""clients"",""type"":""table"",""schema"":""public""}",unused_index_public_clients_idx_clients_team_id
unused_index,Unused Index,INFO,EXTERNAL,"[""PERFORMANCE""]",Detects if an index has never been used and may be a candidate for removal.,Index \`idx_orders_team_id\` on table \`public.orders\` has not been used,https://supabase.com/docs/guides/database/database-linter?lint=0005_unused_index,"{""name"":""orders"",""type"":""table"",""schema"":""public""}",unused_index_public_orders_idx_orders_team_id
unused_index,Unused Index,INFO,EXTERNAL,"[""PERFORMANCE""]",Detects if an index has never been used and may be a candidate for removal.,Index \`idx_invoices_team_id\` on table \`public.invoices\` has not been used,https://supabase.com/docs/guides/database/database-linter?lint=0005_unused_index,"{""name"":""invoices"",""type"":""table"",""schema"":""public""}",unused_index_public_invoices_idx_invoices_team_id
unused_index,Unused Index,INFO,EXTERNAL,"[""PERFORMANCE""]",Detects if an index has never been used and may be a candidate for removal.,Index \`idx_measurements_team_id\` on table \`public.measurements\` has not been used,https://supabase.com/docs/guides/database/database-linter?lint=0005_unused_index,"{""name"":""measurements"",""type"":""table"",""schema"":""public""}",unused_index_public_measurements_idx_measurements_team_id
unused_index,Unused Index,INFO,EXTERNAL,"[""PERFORMANCE""]",Detects if an index has never been used and may be a candidate for removal.,Index \`idx_transactions_deleted_at\` on table \`public.transactions\` has not been used,https://supabase.com/docs/guides/database/database-linter?lint=0005_unused_index,"{""name"":""transactions"",""type"":""table"",""schema"":""public""}",unused_index_public_transactions_idx_transactions_deleted_at
unused_index,Unused Index,INFO,EXTERNAL,"[""PERFORMANCE""]",Detects if an index has never been used and may be a candidate for removal.,Index \`idx_transactions_transaction_date\` on table \`public.transactions\` has not been used,https://supabase.com/docs/guides/database/database-linter?lint=0005_unused_index,"{""name"":""transactions"",""type"":""table"",""schema"":""public""}",unused_index_public_transactions_idx_transactions_transaction_date
unused_index,Unused Index,INFO,EXTERNAL,"[""PERFORMANCE""]",Detects if an index has never been used and may be a candidate for removal.,Index \`idx_comm_threads_team\` on table \`public.communication_threads\` has not been used,https://supabase.com/docs/guides/database/database-linter?lint=0005_unused_index,"{""name"":""communication_threads"",""type"":""table"",""schema"":""public""}",unused_index_public_communication_threads_idx_comm_threads_team
unused_index,Unused Index,INFO,EXTERNAL,"[""PERFORMANCE""]",Detects if an index has never been used and may be a candidate for removal.,Index \`idx_transactions_team_deleted_date\` on table \`public.transactions\` has not been used,https://supabase.com/docs/guides/database/database-linter?lint=0005_unused_index,"{""name"":""transactions"",""type"":""table"",""schema"":""public""}",unused_index_public_transactions_idx_transactions_team_deleted_date
unused_index,Unused Index,INFO,EXTERNAL,"[""PERFORMANCE""]",Detects if an index has never been used and may be a candidate for removal.,Index \`idx_comm_outbox_status\` on table \`public.communication_outbox\` has not been used,https://supabase.com/docs/guides/database/database-linter?lint=0005_unused_index,"{""name"":""communication_outbox"",""type"":""table"",""schema"":""public""}",unused_index_public_communication_outbox_idx_comm_outbox_status
unused_index,Unused Index,INFO,EXTERNAL,"[""PERFORMANCE""]",Detects if an index has never been used and may be a candidate for removal.,Index \`idx_invoice_items_invoice_id\` on table \`public.invoice_items\` has not been used,https://supabase.com/docs/guides/database/database-linter?lint=0005_unused_index,"{""name"":""invoice_items"",""type"":""table"",""schema"":""public""}",unused_index_public_invoice_items_idx_invoice_items_invoice_id
unused_index,Unused Index,INFO,EXTERNAL,"[""PERFORMANCE""]",Detects if an index has never been used and may be a candidate for removal.,Index \`idx_invoices_sent_at\` on table \`public.invoices\` has not been used,https://supabase.com/docs/guides/database/database-linter?lint=0005_unused_index,"{""name"":""invoices"",""type"":""table"",""schema"":""public""}",unused_index_public_invoices_idx_invoices_sent_at
unused_index,Unused Index,INFO,EXTERNAL,"[""PERFORMANCE""]",Detects if an index has never been used and may be a candidate for removal.,Index \`transaction_allocations_invoice_idx\` on table \`public.transaction_allocations\` has not been used,https://supabase.com/docs/guides/database/database-linter?lint=0005_unused_index,"{""name"":""transaction_allocations"",""type"":""table"",""schema"":""public""}",unused_index_public_transaction_allocations_transaction_allocations_invoice_idx
unused_index,Unused Index,INFO,EXTERNAL,"[""PERFORMANCE""]",Detects if an index has never been used and may be a candidate for removal.,Index \`bank_statements_team_idx\` on table \`public.bank_statements\` has not been used,https://supabase.com/docs/guides/database/database-linter?lint=0005_unused_index,"{""name"":""bank_statements"",""type"":""table"",""schema"":""public""}",unused_index_public_bank_statements_bank_statements_team_idx
unused_index,Unused Index,INFO,EXTERNAL,"[""PERFORMANCE""]",Detects if an index has never been used and may be a candidate for removal.,Index \`idx_api_keys_key_hash\` on table \`public.api_keys\` has not been used,https://supabase.com/docs/guides/database/database-linter?lint=0005_unused_index,"{""name"":""api_keys"",""type"":""table"",""schema"":""public""}",unused_index_public_api_keys_idx_api_keys_key_hash
unused_index,Unused Index,INFO,EXTERNAL,"[""PERFORMANCE""]",Detects if an index has never been used and may be a candidate for removal.,Index \`idx_api_keys_user_id\` on table \`public.api_keys\` has not been used,https://supabase.com/docs/guides/database/database-linter?lint=0005_unused_index,"{""name"":""api_keys"",""type"":""table"",""schema"":""public""}",unused_index_public_api_keys_idx_api_keys_user_id
unused_index,Unused Index,INFO,EXTERNAL,"[""PERFORMANCE""]",Detects if an index has never been used and may be a candidate for removal.,Index \`idx_api_keys_team_id\` on table \`public.api_keys\` has not been used,https://supabase.com/docs/guides/database/database-linter?lint=0005_unused_index,"{""name"":""api_keys"",""type"":""table"",""schema"":""public""}",unused_index_public_api_keys_idx_api_keys_team_id
unused_index,Unused Index,INFO,EXTERNAL,"[""PERFORMANCE""]",Detects if an index has never been used and may be a candidate for removal.,Index \`idx_api_keys_active\` on table \`public.api_keys\` has not been used,https://supabase.com/docs/guides/database/database-linter?lint=0005_unused_index,"{""name"":""api_keys"",""type"":""table"",""schema"":""public""}",unused_index_public_api_keys_idx_api_keys_active
unused_index,Unused Index,INFO,EXTERNAL,"[""PERFORMANCE""]",Detects if an index has never been used and may be a candidate for removal.,Index \`idx_api_keys_expires_at\` on table \`public.api_keys\` has not been used,https://supabase.com/docs/guides/database/database-linter?lint=0005_unused_index,"{""name"":""api_keys"",""type"":""table"",""schema"":""public""}",unused_index_public_api_keys_idx_api_keys_expires_at
unused_index,Unused Index,INFO,EXTERNAL,"[""PERFORMANCE""]",Detects if an index has never been used and may be a candidate for removal.,Index \`user_invites_team_id_idx\` on table \`public.user_invites\` has not been used,https://supabase.com/docs/guides/database/database-linter?lint=0005_unused_index,"{""name"":""user_invites"",""type"":""table"",""schema"":""public""}",unused_index_public_user_invites_user_invites_team_id_idx
unused_index,Unused Index,INFO,EXTERNAL,"[""PERFORMANCE""]",Detects if an index has never been used and may be a candidate for removal.,Index \`whatsapp_contacts_team_idx\` on table \`public.whatsapp_contacts\` has not been used,https://supabase.com/docs/guides/database/database-linter?lint=0005_unused_index,"{""name"":""whatsapp_contacts"",""type"":""table"",""schema"":""public""}",unused_index_public_whatsapp_contacts_whatsapp_contacts_team_idx
unused_index,Unused Index,INFO,EXTERNAL,"[""PERFORMANCE""]",Detects if an index has never been used and may be a candidate for removal.,Index \`instagram_contacts_team_idx\` on table \`public.instagram_contacts\` has not been used,https://supabase.com/docs/guides/database/database-linter?lint=0005_unused_index,"{""name"":""instagram_contacts"",""type"":""table"",""schema"":""public""}",unused_index_public_instagram_contacts_instagram_contacts_team_idx
unused_index,Unused Index,INFO,EXTERNAL,"[""PERFORMANCE""]",Detects if an index has never been used and may be a candidate for removal.,Index \`bank_statement_lines_statement_idx\` on table \`public.bank_statement_lines\` has not been used,https://supabase.com/docs/guides/database/database-linter?lint=0005_unused_index,"{""name"":""bank_statement_lines"",""type"":""table"",""schema"":""public""}",unused_index_public_bank_statement_lines_bank_statement_lines_statement_idx
unused_index,Unused Index,INFO,EXTERNAL,"[""PERFORMANCE""]",Detects if an index has never been used and may be a candidate for removal.,Index \`appointments_team_start_idx\` on table \`public.appointments\` has not been used,https://supabase.com/docs/guides/database/database-linter?lint=0005_unused_index,"{""name"":""appointments"",""type"":""table"",""schema"":""public""}",unused_index_public_appointments_appointments_team_start_idx
unused_index,Unused Index,INFO,EXTERNAL,"[""PERFORMANCE""]",Detects if an index has never been used and may be a candidate for removal.,Index \`activities_team_idx\` on table \`public.activities\` has not been used,https://supabase.com/docs/guides/database/database-linter?lint=0005_unused_index,"{""name"":""activities"",""type"":""table"",""schema"":""public""}",unused_index_public_activities_activities_team_idx
unused_index,Unused Index,INFO,EXTERNAL,"[""PERFORMANCE""]",Detects if an index has never been used and may be a candidate for removal.,Index \`notification_settings_user_team_idx\` on table \`public.notification_settings\` has not been used,https://supabase.com/docs/guides/database/database-linter?lint=0005_unused_index,"{""name"":""notification_settings"",""type"":""table"",""schema"":""public""}",unused_index_public_notification_settings_notification_settings_user_team_idx
unused_index,Unused Index,INFO,EXTERNAL,"[""PERFORMANCE""]",Detects if an index has never been used and may be a candidate for removal.,Index \`idx_api_key_usage_api_key_id\` on table \`public.api_key_usage\` has not been used,https://supabase.com/docs/guides/database/database-linter?lint=0005_unused_index,"{""name"":""api_key_usage"",""type"":""table"",""schema"":""public""}",unused_index_public_api_key_usage_idx_api_key_usage_api_key_id
unused_index,Unused Index,INFO,EXTERNAL,"[""PERFORMANCE""]",Detects if an index has never been used and may be a candidate for removal.,Index \`idx_api_key_usage_team_id\` on table \`public.api_key_usage\` has not been used,https://supabase.com/docs/guides/database/database-linter?lint=0005_unused_index,"{""name"":""api_key_usage"",""type"":""table"",""schema"":""public""}",unused_index_public_api_key_usage_idx_api_key_usage_team_id
unused_index,Unused Index,INFO,EXTERNAL,"[""PERFORMANCE""]",Detects if an index has never been used and may be a candidate for removal.,Index \`transactions_team_id_idx\` on table \`public.transactions\` has not been used,https://supabase.com/docs/guides/database/database-linter?lint=0005_unused_index,"{""name"":""transactions"",""type"":""table"",""schema"":""public""}",unused_index_public_transactions_transactions_team_id_idx
unused_index,Unused Index,INFO,EXTERNAL,"[""PERFORMANCE""]",Detects if an index has never been used and may be a candidate for removal.,Index \`clients_team_id_idx\` on table \`public.clients\` has not been used,https://supabase.com/docs/guides/database/database-linter?lint=0005_unused_index,"{""name"":""clients"",""type"":""table"",""schema"":""public""}",unused_index_public_clients_clients_team_id_idx
unused_index,Unused Index,INFO,EXTERNAL,"[""PERFORMANCE""]",Detects if an index has never been used and may be a candidate for removal.,Index \`idx_api_key_usage_created_at\` on table \`public.api_key_usage\` has not been used,https://supabase.com/docs/guides/database/database-linter?lint=0005_unused_index,"{""name"":""api_key_usage"",""type"":""table"",""schema"":""public""}",unused_index_public_api_key_usage_idx_api_key_usage_created_at
unused_index,Unused Index,INFO,EXTERNAL,"[""PERFORMANCE""]",Detects if an index has never been used and may be a candidate for removal.,Index \`measurements_team_id_idx\` on table \`public.measurements\` has not been used,https://supabase.com/docs/guides/database/database-linter?lint=0005_unused_index,"{""name"":""measurements"",""type"":""table"",""schema"":""public""}",unused_index_public_measurements_measurements_team_id_idx
unused_index,Unused Index,INFO,EXTERNAL,"[""PERFORMANCE""]",Detects if an index has never been used and may be a candidate for removal.,Index \`idx_api_key_usage_endpoint\` on table \`public.api_key_usage\` has not been used,https://supabase.com/docs/guides/database/database-linter?lint=0005_unused_index,"{""name"":""api_key_usage"",""type"":""table"",""schema"":""public""}",unused_index_public_api_key_usage_idx_api_key_usage_endpoint
unused_index,Unused Index,INFO,EXTERNAL,"[""PERFORMANCE""]",Detects if an index has never been used and may be a candidate for removal.,Index \`idx_documents_path\` on table \`public.documents\` has not been used,https://supabase.com/docs/guides/database/database-linter?lint=0005_unused_index,"{""name"":""documents"",""type"":""table"",""schema"":""public""}",unused_index_public_documents_idx_documents_path
unused_index,Unused Index,INFO,EXTERNAL,"[""PERFORMANCE""]",Detects if an index has never been used and may be a candidate for removal.,Index \`idx_documents_tags\` on table \`public.documents\` has not been used,https://supabase.com/docs/guides/database/database-linter?lint=0005_unused_index,"{""name"":""documents"",""type"":""table"",""schema"":""public""}",unused_index_public_documents_idx_documents_tags
unused_index,Unused Index,INFO,EXTERNAL,"[""PERFORMANCE""]",Detects if an index has never been used and may be a candidate for removal.,Index \`idx_documents_invoice_id\` on table \`public.documents\` has not been used,https://supabase.com/docs/guides/database/database-linter?lint=0005_unused_index,"{""name"":""documents"",""type"":""table"",""schema"":""public""}",unused_index_public_documents_idx_documents_invoice_id
unused_index,Unused Index,INFO,EXTERNAL,"[""PERFORMANCE""]",Detects if an index has never been used and may be a candidate for removal.,Index \`idx_comm_threads_status\` on table \`public.communication_threads\` has not been used,https://supabase.com/docs/guides/database/database-linter?lint=0005_unused_index,"{""name"":""communication_threads"",""type"":""table"",""schema"":""public""}",unused_index_public_communication_threads_idx_comm_threads_status
unused_index,Unused Index,INFO,EXTERNAL,"[""PERFORMANCE""]",Detects if an index has never been used and may be a candidate for removal.,Index \`idx_comm_threads_team_status\` on table \`public.communication_threads\` has not been used,https://supabase.com/docs/guides/database/database-linter?lint=0005_unused_index,"{""name"":""communication_threads"",""type"":""table"",""schema"":""public""}",unused_index_public_communication_threads_idx_comm_threads_team_status
unused_index,Unused Index,INFO,EXTERNAL,"[""PERFORMANCE""]",Detects if an index has never been used and may be a candidate for removal.,Index \`idx_comm_messages_status\` on table \`public.communication_messages\` has not been used,https://supabase.com/docs/guides/database/database-linter?lint=0005_unused_index,"{""name"":""communication_messages"",""type"":""table"",""schema"":""public""}",unused_index_public_communication_messages_idx_comm_messages_status
unused_index,Unused Index,INFO,EXTERNAL,"[""PERFORMANCE""]",Detects if an index has never been used and may be a candidate for removal.,Index \`idx_orders_due_date\` on table \`public.orders\` has not been used,https://supabase.com/docs/guides/database/database-linter?lint=0005_unused_index,"{""name"":""orders"",""type"":""table"",""schema"":""public""}",unused_index_public_orders_idx_orders_due_date
unused_index,Unused Index,INFO,EXTERNAL,"[""PERFORMANCE""]",Detects if an index has never been used and may be a candidate for removal.,Index \`idx_invoices_created_at\` on table \`public.invoices\` has not been used,https://supabase.com/docs/guides/database/database-linter?lint=0005_unused_index,"{""name"":""invoices"",""type"":""table"",""schema"":""public""}",unused_index_public_invoices_idx_invoices_created_at
unused_index,Unused Index,INFO,EXTERNAL,"[""PERFORMANCE""]",Detects if an index has never been used and may be a candidate for removal.,Index \`idx_orders_deleted_at\` on table \`public.orders\` has not been used,https://supabase.com/docs/guides/database/database-linter?lint=0005_unused_index,"{""name"":""orders"",""type"":""table"",""schema"":""public""}",unused_index_public_orders_idx_orders_deleted_at
unused_index,Unused Index,INFO,EXTERNAL,"[""PERFORMANCE""]",Detects if an index has never been used and may be a candidate for removal.,Index \`orders_team_id_idx\` on table \`public.orders\` has not been used,https://supabase.com/docs/guides/database/database-linter?lint=0005_unused_index,"{""name"":""orders"",""type"":""table"",""schema"":""public""}",unused_index_public_orders_orders_team_id_idx
unused_index,Unused Index,INFO,EXTERNAL,"[""PERFORMANCE""]",Detects if an index has never been used and may be a candidate for removal.,Index \`idx_orders_status\` on table \`public.orders\` has not been used,https://supabase.com/docs/guides/database/database-linter?lint=0005_unused_index,"{""name"":""orders"",""type"":""table"",""schema"":""public""}",unused_index_public_orders_idx_orders_status
unused_index,Unused Index,INFO,EXTERNAL,"[""PERFORMANCE""]",Detects if an index has never been used and may be a candidate for removal.,Index \`idx_orders_active_status\` on table \`public.orders\` has not been used,https://supabase.com/docs/guides/database/database-linter?lint=0005_unused_index,"{""name"":""orders"",""type"":""table"",""schema"":""public""}",unused_index_public_orders_idx_orders_active_status
unused_index,Unused Index,INFO,EXTERNAL,"[""PERFORMANCE""]",Detects if an index has never been used and may be a candidate for removal.,Index \`idx_invoices_invoice_number\` on table \`public.invoices\` has not been used,https://supabase.com/docs/guides/database/database-linter?lint=0005_unused_index,"{""name"":""invoices"",""type"":""table"",""schema"":""public""}",unused_index_public_invoices_idx_invoices_invoice_number
unused_index,Unused Index,INFO,EXTERNAL,"[""PERFORMANCE""]",Detects if an index has never been used and may be a candidate for removal.,Index \`idx_invoices_deleted_at\` on table \`public.invoices\` has not been used,https://supabase.com/docs/guides/database/database-linter?lint=0005_unused_index,"{""name"":""invoices"",""type"":""table"",""schema"":""public""}",unused_index_public_invoices_idx_invoices_deleted_at
unused_index,Unused Index,INFO,EXTERNAL,"[""PERFORMANCE""]",Detects if an index has never been used and may be a candidate for removal.,Index \`invoices_team_id_idx\` on table \`public.invoices\` has not been used,https://supabase.com/docs/guides/database/database-linter?lint=0005_unused_index,"{""name"":""invoices"",""type"":""table"",""schema"":""public""}",unused_index_public_invoices_invoices_team_id_idx
unused_index,Unused Index,INFO,EXTERNAL,"[""PERFORMANCE""]",Detects if an index has never been used and may be a candidate for removal.,Index \`idx_invoices_status\` on table \`public.invoices\` has not been used,https://supabase.com/docs/guides/database/database-linter?lint=0005_unused_index,"{""name"":""invoices"",""type"":""table"",""schema"":""public""}",unused_index_public_invoices_idx_invoices_status
unused_index,Unused Index,INFO,EXTERNAL,"[""PERFORMANCE""]",Detects if an index has never been used and may be a candidate for removal.,Index \`idx_invoices_unpaid\` on table \`public.invoices\` has not been used,https://supabase.com/docs/guides/database/database-linter?lint=0005_unused_index,"{""name"":""invoices"",""type"":""table"",""schema"":""public""}",unused_index_public_invoices_idx_invoices_unpaid
unused_index,Unused Index,INFO,EXTERNAL,"[""PERFORMANCE""]",Detects if an index has never been used and may be a candidate for removal.,Index \`idx_api_key_usage_status_code\` on table \`public.api_key_usage\` has not been used,https://supabase.com/docs/guides/database/database-linter?lint=0005_unused_index,"{""name"":""api_key_usage"",""type"":""table"",""schema"":""public""}",unused_index_public_api_key_usage_idx_api_key_usage_status_code
unused_index,Unused Index,INFO,EXTERNAL,"[""PERFORMANCE""]",Detects if an index has never been used and may be a candidate for removal.,Index \`idx_api_key_usage_key_date\` on table \`public.api_key_usage\` has not been used,https://supabase.com/docs/guides/database/database-linter?lint=0005_unused_index,"{""name"":""api_key_usage"",""type"":""table"",""schema"":""public""}",unused_index_public_api_key_usage_idx_api_key_usage_key_date
unused_index,Unused Index,INFO,EXTERNAL,"[""PERFORMANCE""]",Detects if an index has never been used and may be a candidate for removal.,Index \`idx_transaction_categories_system\` on table \`public.transaction_categories\` has not been used,https://supabase.com/docs/guides/database/database-linter?lint=0005_unused_index,"{""name"":""transaction_categories"",""type"":""table"",""schema"":""public""}",unused_index_public_transaction_categories_idx_transaction_categories_system
unused_index,Unused Index,INFO,EXTERNAL,"[""PERFORMANCE""]",Detects if an index has never been used and may be a candidate for removal.,Index \`idx_transaction_attachments_team_id\` on table \`public.transaction_attachments\` has not been used,https://supabase.com/docs/guides/database/database-linter?lint=0005_unused_index,"{""name"":""transaction_attachments"",""type"":""table"",""schema"":""public""}",unused_index_public_transaction_attachments_idx_transaction_attachments_team_id
unused_index,Unused Index,INFO,EXTERNAL,"[""PERFORMANCE""]",Detects if an index has never been used and may be a candidate for removal.,Index \`idx_tags_name\` on table \`public.tags\` has not been used,https://supabase.com/docs/guides/database/database-linter?lint=0005_unused_index,"{""name"":""tags"",""type"":""table"",""schema"":""public""}",unused_index_public_tags_idx_tags_name
unused_index,Unused Index,INFO,EXTERNAL,"[""PERFORMANCE""]",Detects if an index has never been used and may be a candidate for removal.,Index \`idx_transaction_tags_tag_id\` on table \`public.transaction_tags\` has not been used,https://supabase.com/docs/guides/database/database-linter?lint=0005_unused_index,"{""name"":""transaction_tags"",""type"":""table"",""schema"":""public""}",unused_index_public_transaction_tags_idx_transaction_tags_tag_id
unused_index,Unused Index,INFO,EXTERNAL,"[""PERFORMANCE""]",Detects if an index has never been used and may be a candidate for removal.,Index \`idx_transaction_tags_team_id\` on table \`public.transaction_tags\` has not been used,https://supabase.com/docs/guides/database/database-linter?lint=0005_unused_index,"{""name"":""transaction_tags"",""type"":""table"",""schema"":""public""}",unused_index_public_transaction_tags_idx_transaction_tags_team_id
unused_index,Unused Index,INFO,EXTERNAL,"[""PERFORMANCE""]",Detects if an index has never been used and may be a candidate for removal.,Index \`idx_transaction_attachments_type\` on table \`public.transaction_attachments\` has not been used,https://supabase.com/docs/guides/database/database-linter?lint=0005_unused_index,"{""name"":""transaction_attachments"",""type"":""table"",""schema"":""public""}",unused_index_public_transaction_attachments_idx_transaction_attachments_type
unused_index,Unused Index,INFO,EXTERNAL,"[""PERFORMANCE""]",Detects if an index has never been used and may be a candidate for removal.,Index \`idx_transaction_attachments_checksum\` on table \`public.transaction_attachments\` has not been used,https://supabase.com/docs/guides/database/database-linter?lint=0005_unused_index,"{""name"":""transaction_attachments"",""type"":""table"",""schema"":""public""}",unused_index_public_transaction_attachments_idx_transaction_attachments_checksum
unused_index,Unused Index,INFO,EXTERNAL,"[""PERFORMANCE""]",Detects if an index has never been used and may be a candidate for removal.,Index \`idx_transaction_attachments_uploaded_by\` on table \`public.transaction_attachments\` has not been used,https://supabase.com/docs/guides/database/database-linter?lint=0005_unused_index,"{""name"":""transaction_attachments"",""type"":""table"",""schema"":""public""}",unused_index_public_transaction_attachments_idx_transaction_attachments_uploaded_by
unused_index,Unused Index,INFO,EXTERNAL,"[""PERFORMANCE""]",Detects if an index has never been used and may be a candidate for removal.,Index \`idx_transactions_team_date\` on table \`public.transactions\` has not been used,https://supabase.com/docs/guides/database/database-linter?lint=0005_unused_index,"{""name"":""transactions"",""type"":""table"",""schema"":""public""}",unused_index_public_transactions_idx_transactions_team_date
unused_index,Unused Index,INFO,EXTERNAL,"[""PERFORMANCE""]",Detects if an index has never been used and may be a candidate for removal.,Index \`idx_transactions_assigned_id\` on table \`public.transactions\` has not been used,https://supabase.com/docs/guides/database/database-linter?lint=0005_unused_index,"{""name"":""transactions"",""type"":""table"",""schema"":""public""}",unused_index_public_transactions_idx_transactions_assigned_id
unused_index,Unused Index,INFO,EXTERNAL,"[""PERFORMANCE""]",Detects if an index has never been used and may be a candidate for removal.,Index \`idx_transactions_team_status_date\` on table \`public.transactions\` has not been used,https://supabase.com/docs/guides/database/database-linter?lint=0005_unused_index,"{""name"":""transactions"",""type"":""table"",""schema"":""public""}",unused_index_public_transactions_idx_transactions_team_status_date
unused_index,Unused Index,INFO,EXTERNAL,"[""PERFORMANCE""]",Detects if an index has never been used and may be a candidate for removal.,Index \`idx_transactions_team_type_date\` on table \`public.transactions\` has not been used,https://supabase.com/docs/guides/database/database-linter?lint=0005_unused_index,"{""name"":""transactions"",""type"":""table"",""schema"":""public""}",unused_index_public_transactions_idx_transactions_team_type_date
unused_index,Unused Index,INFO,EXTERNAL,"[""PERFORMANCE""]",Detects if an index has never been used and may be a candidate for removal.,Index \`idx_transactions_internal_id\` on table \`public.transactions\` has not been used,https://supabase.com/docs/guides/database/database-linter?lint=0005_unused_index,"{""name"":""transactions"",""type"":""table"",""schema"":""public""}",unused_index_public_transactions_idx_transactions_internal_id
unused_index,Unused Index,INFO,EXTERNAL,"[""PERFORMANCE""]",Detects if an index has never been used and may be a candidate for removal.,Index \`idx_transactions_fts\` on table \`public.transactions\` has not been used,https://supabase.com/docs/guides/database/database-linter?lint=0005_unused_index,"{""name"":""transactions"",""type"":""table"",""schema"":""public""}",unused_index_public_transactions_idx_transactions_fts
unused_index,Unused Index,INFO,EXTERNAL,"[""PERFORMANCE""]",Detects if an index has never been used and may be a candidate for removal.,Index \`idx_transactions_name_trigram\` on table \`public.transactions\` has not been used,https://supabase.com/docs/guides/database/database-linter?lint=0005_unused_index,"{""name"":""transactions"",""type"":""table"",""schema"":""public""}",unused_index_public_transactions_idx_transactions_name_trigram
unused_index,Unused Index,INFO,EXTERNAL,"[""PERFORMANCE""]",Detects if an index has never been used and may be a candidate for removal.,Index \`idx_transactions_description_trigram\` on table \`public.transactions\` has not been used,https://supabase.com/docs/guides/database/database-linter?lint=0005_unused_index,"{""name"":""transactions"",""type"":""table"",""schema"":""public""}",unused_index_public_transactions_idx_transactions_description_trigram
unused_index,Unused Index,INFO,EXTERNAL,"[""PERFORMANCE""]",Detects if an index has never been used and may be a candidate for removal.,Index \`idx_fin_accounts_status\` on table \`public.financial_accounts\` has not been used,https://supabase.com/docs/guides/database/database-linter?lint=0005_unused_index,"{""name"":""financial_accounts"",""type"":""table"",""schema"":""public""}",unused_index_public_financial_accounts_idx_fin_accounts_status
unused_index,Unused Index,INFO,EXTERNAL,"[""PERFORMANCE""]",Detects if an index has never been used and may be a candidate for removal.,Index \`idx_fin_accounts_team_id\` on table \`public.financial_accounts\` has not been used,https://supabase.com/docs/guides/database/database-linter?lint=0005_unused_index,"{""name"":""financial_accounts"",""type"":""table"",""schema"":""public""}",unused_index_public_financial_accounts_idx_fin_accounts_team_id
unused_index,Unused Index,INFO,EXTERNAL,"[""PERFORMANCE""]",Detects if an index has never been used and may be a candidate for removal.,Index \`idx_transactions_account_id\` on table \`public.transactions\` has not been used,https://supabase.com/docs/guides/database/database-linter?lint=0005_unused_index,"{""name"":""transactions"",""type"":""table"",""schema"":""public""}",unused_index_public_transactions_idx_transactions_account_id
unused_index,Unused Index,INFO,EXTERNAL,"[""PERFORMANCE""]",Detects if an index has never been used and may be a candidate for removal.,Index \`idx_transaction_embeddings_transaction_id\` on table \`public.transaction_embeddings\` has not been used,https://supabase.com/docs/guides/database/database-linter?lint=0005_unused_index,"{""name"":""transaction_embeddings"",""type"":""table"",""schema"":""public""}",unused_index_public_transaction_embeddings_idx_transaction_embeddings_transaction_id
unused_index,Unused Index,INFO,EXTERNAL,"[""PERFORMANCE""]",Detects if an index has never been used and may be a candidate for removal.,Index \`idx_transaction_embeddings_team_id\` on table \`public.transaction_embeddings\` has not been used,https://supabase.com/docs/guides/database/database-linter?lint=0005_unused_index,"{""name"":""transaction_embeddings"",""type"":""table"",""schema"":""public""}",unused_index_public_transaction_embeddings_idx_transaction_embeddings_team_id
unused_index,Unused Index,INFO,EXTERNAL,"[""PERFORMANCE""]",Detects if an index has never been used and may be a candidate for removal.,Index \`idx_transaction_embeddings_vector\` on table \`public.transaction_embeddings\` has not been used,https://supabase.com/docs/guides/database/database-linter?lint=0005_unused_index,"{""name"":""transaction_embeddings"",""type"":""table"",""schema"":""public""}",unused_index_public_transaction_embeddings_idx_transaction_embeddings_vector
unused_index,Unused Index,INFO,EXTERNAL,"[""PERFORMANCE""]",Detects if an index has never been used and may be a candidate for removal.,Index \`idx_transaction_category_embeddings_vector\` on table \`public.transaction_category_embeddings\` has not been used,https://supabase.com/docs/guides/database/database-linter?lint=0005_unused_index,"{""name"":""transaction_category_embeddings"",""type"":""table"",""schema"":""public""}",unused_index_public_transaction_category_embeddings_idx_transaction_category_embeddings_vector
unused_index,Unused Index,INFO,EXTERNAL,"[""PERFORMANCE""]",Detects if an index has never been used and may be a candidate for removal.,Index \`idx_transaction_category_embeddings_system\` on table \`public.transaction_category_embeddings\` has not been used,https://supabase.com/docs/guides/database/database-linter?lint=0005_unused_index,"{""name"":""transaction_category_embeddings"",""type"":""table"",""schema"":""public""}",unused_index_public_transaction_category_embeddings_idx_transaction_category_embeddings_system
unused_index,Unused Index,INFO,EXTERNAL,"[""PERFORMANCE""]",Detects if an index has never been used and may be a candidate for removal.,Index \`idx_transaction_enrichments_transaction_id\` on table \`public.transaction_enrichments\` has not been used,https://supabase.com/docs/guides/database/database-linter?lint=0005_unused_index,"{""name"":""transaction_enrichments"",""type"":""table"",""schema"":""public""}",unused_index_public_transaction_enrichments_idx_transaction_enrichments_transaction_id
unused_index,Unused Index,INFO,EXTERNAL,"[""PERFORMANCE""]",Detects if an index has never been used and may be a candidate for removal.,Index \`idx_transaction_enrichments_reviewed\` on table \`public.transaction_enrichments\` has not been used,https://supabase.com/docs/guides/database/database-linter?lint=0005_unused_index,"{""name"":""transaction_enrichments"",""type"":""table"",""schema"":""public""}",unused_index_public_transaction_enrichments_idx_transaction_enrichments_reviewed
unused_index,Unused Index,INFO,EXTERNAL,"[""PERFORMANCE""]",Detects if an index has never been used and may be a candidate for removal.,Index \`idx_transactions_name_trgm\` on table \`public.transactions\` has not been used,https://supabase.com/docs/guides/database/database-linter?lint=0005_unused_index,"{""name"":""transactions"",""type"":""table"",""schema"":""public""}",unused_index_public_transactions_idx_transactions_name_trgm
unused_index,Unused Index,INFO,EXTERNAL,"[""PERFORMANCE""]",Detects if an index has never been used and may be a candidate for removal.,Index \`idx_transactions_description_trgm\` on table \`public.transactions\` has not been used,https://supabase.com/docs/guides/database/database-linter?lint=0005_unused_index,"{""name"":""transactions"",""type"":""table"",""schema"":""public""}",unused_index_public_transactions_idx_transactions_description_trgm
unused_index,Unused Index,INFO,EXTERNAL,"[""PERFORMANCE""]",Detects if an index has never been used and may be a candidate for removal.,Index \`oauth_applications_team_id_idx\` on table \`public.oauth_applications\` has not been used,https://supabase.com/docs/guides/database/database-linter?lint=0005_unused_index,"{""name"":""oauth_applications"",""type"":""table"",""schema"":""public""}",unused_index_public_oauth_applications_oauth_applications_team_id_idx
unused_index,Unused Index,INFO,EXTERNAL,"[""PERFORMANCE""]",Detects if an index has never been used and may be a candidate for removal.,Index \`oauth_applications_client_id_idx\` on table \`public.oauth_applications\` has not been used,https://supabase.com/docs/guides/database/database-linter?lint=0005_unused_index,"{""name"":""oauth_applications"",""type"":""table"",""schema"":""public""}",unused_index_public_oauth_applications_oauth_applications_client_id_idx
unused_index,Unused Index,INFO,EXTERNAL,"[""PERFORMANCE""]",Detects if an index has never been used and may be a candidate for removal.,Index \`oauth_applications_slug_idx\` on table \`public.oauth_applications\` has not been used,https://supabase.com/docs/guides/database/database-linter?lint=0005_unused_index,"{""name"":""oauth_applications"",""type"":""table"",""schema"":""public""}",unused_index_public_oauth_applications_oauth_applications_slug_idx
unused_index,Unused Index,INFO,EXTERNAL,"[""PERFORMANCE""]",Detects if an index has never been used and may be a candidate for removal.,Index \`oauth_authorization_codes_code_idx\` on table \`public.oauth_authorization_codes\` has not been used,https://supabase.com/docs/guides/database/database-linter?lint=0005_unused_index,"{""name"":""oauth_authorization_codes"",""type"":""table"",""schema"":""public""}",unused_index_public_oauth_authorization_codes_oauth_authorization_codes_code_idx
unused_index,Unused Index,INFO,EXTERNAL,"[""PERFORMANCE""]",Detects if an index has never been used and may be a candidate for removal.,Index \`oauth_authorization_codes_application_id_idx\` on table \`public.oauth_authorization_codes\` has not been used,https://supabase.com/docs/guides/database/database-linter?lint=0005_unused_index,"{""name"":""oauth_authorization_codes"",""type"":""table"",""schema"":""public""}",unused_index_public_oauth_authorization_codes_oauth_authorization_codes_application_id_idx
unused_index,Unused Index,INFO,EXTERNAL,"[""PERFORMANCE""]",Detects if an index has never been used and may be a candidate for removal.,Index \`oauth_authorization_codes_user_id_idx\` on table \`public.oauth_authorization_codes\` has not been used,https://supabase.com/docs/guides/database/database-linter?lint=0005_unused_index,"{""name"":""oauth_authorization_codes"",""type"":""table"",""schema"":""public""}",unused_index_public_oauth_authorization_codes_oauth_authorization_codes_user_id_idx
unused_index,Unused Index,INFO,EXTERNAL,"[""PERFORMANCE""]",Detects if an index has never been used and may be a candidate for removal.,Index \`idx_event_outbox_status_next_attempt\` on table \`public.event_outbox\` has not been used,https://supabase.com/docs/guides/database/database-linter?lint=0005_unused_index,"{""name"":""event_outbox"",""type"":""table"",""schema"":""public""}",unused_index_public_event_outbox_idx_event_outbox_status_next_attempt
unused_index,Unused Index,INFO,EXTERNAL,"[""PERFORMANCE""]",Detects if an index has never been used and may be a candidate for removal.,Index \`idx_transactions_team_amount\` on table \`public.transactions\` has not been used,https://supabase.com/docs/guides/database/database-linter?lint=0005_unused_index,"{""name"":""transactions"",""type"":""table"",""schema"":""public""}",unused_index_public_transactions_idx_transactions_team_amount
unused_index,Unused Index,INFO,EXTERNAL,"[""PERFORMANCE""]",Detects if an index has never been used and may be a candidate for removal.,Index \`idx_clients_phone_trgm\` on table \`public.clients\` has not been used,https://supabase.com/docs/guides/database/database-linter?lint=0005_unused_index,"{""name"":""clients"",""type"":""table"",""schema"":""public""}",unused_index_public_clients_idx_clients_phone_trgm
unused_index,Unused Index,INFO,EXTERNAL,"[""PERFORMANCE""]",Detects if an index has never been used and may be a candidate for removal.,Index \`idx_clients_whatsapp_trgm\` on table \`public.clients\` has not been used,https://supabase.com/docs/guides/database/database-linter?lint=0005_unused_index,"{""name"":""clients"",""type"":""table"",""schema"":""public""}",unused_index_public_clients_idx_clients_whatsapp_trgm
unused_index,Unused Index,INFO,EXTERNAL,"[""PERFORMANCE""]",Detects if an index has never been used and may be a candidate for removal.,Index \`idx_clients_email_trgm\` on table \`public.clients\` has not been used,https://supabase.com/docs/guides/database/database-linter?lint=0005_unused_index,"{""name"":""clients"",""type"":""table"",""schema"":""public""}",unused_index_public_clients_idx_clients_email_trgm
unused_index,Unused Index,INFO,EXTERNAL,"[""PERFORMANCE""]",Detects if an index has never been used and may be a candidate for removal.,Index \`idx_documents_path_tokens_gin\` on table \`public.documents\` has not been used,https://supabase.com/docs/guides/database/database-linter?lint=0005_unused_index,"{""name"":""documents"",""type"":""table"",""schema"":""public""}",unused_index_public_documents_idx_documents_path_tokens_gin
unused_index,Unused Index,INFO,EXTERNAL,"[""PERFORMANCE""]",Detects if an index has never been used and may be a candidate for removal.,Index \`idx_measurements_tags_gin\` on table \`public.measurements\` has not been used,https://supabase.com/docs/guides/database/database-linter?lint=0005_unused_index,"{""name"":""measurements"",""type"":""table"",""schema"":""public""}",unused_index_public_measurements_idx_measurements_tags_gin
unused_index,Unused Index,INFO,EXTERNAL,"[""PERFORMANCE""]",Detects if an index has never been used and may be a candidate for removal.,Index \`idx_transactions_team_date_id\` on table \`public.transactions\` has not been used,https://supabase.com/docs/guides/database/database-linter?lint=0005_unused_index,"{""name"":""transactions"",""type"":""table"",""schema"":""public""}",unused_index_public_transactions_idx_transactions_team_date_id
unused_index,Unused Index,INFO,EXTERNAL,"[""PERFORMANCE""]",Detects if an index has never been used and may be a candidate for removal.,Index \`idx_transactions_team_status_type_date\` on table \`public.transactions\` has not been used,https://supabase.com/docs/guides/database/database-linter?lint=0005_unused_index,"{""name"":""transactions"",""type"":""table"",""schema"":""public""}",unused_index_public_transactions_idx_transactions_team_status_type_date
unused_index,Unused Index,INFO,EXTERNAL,"[""PERFORMANCE""]",Detects if an index has never been used and may be a candidate for removal.,Index \`idx_transactions_spending\` on table \`public.transactions\` has not been used,https://supabase.com/docs/guides/database/database-linter?lint=0005_unused_index,"{""name"":""transactions"",""type"":""table"",""schema"":""public""}",unused_index_public_transactions_idx_transactions_spending
unused_index,Unused Index,INFO,EXTERNAL,"[""PERFORMANCE""]",Detects if an index has never been used and may be a candidate for removal.,Index \`idx_transactions_team_category_date\` on table \`public.transactions\` has not been used,https://supabase.com/docs/guides/database/database-linter?lint=0005_unused_index,"{""name"":""transactions"",""type"":""table"",""schema"":""public""}",unused_index_public_transactions_idx_transactions_team_category_date
unused_index,Unused Index,INFO,EXTERNAL,"[""PERFORMANCE""]",Detects if an index has never been used and may be a candidate for removal.,Index \`idx_transactions_team_assigned_date\` on table \`public.transactions\` has not been used,https://supabase.com/docs/guides/database/database-linter?lint=0005_unused_index,"{""name"":""transactions"",""type"":""table"",""schema"":""public""}",unused_index_public_transactions_idx_transactions_team_assigned_date
unused_index,Unused Index,INFO,EXTERNAL,"[""PERFORMANCE""]",Detects if an index has never been used and may be a candidate for removal.,Index \`idx_transactions_team_account_date\` on table \`public.transactions\` has not been used,https://supabase.com/docs/guides/database/database-linter?lint=0005_unused_index,"{""name"":""transactions"",""type"":""table"",""schema"":""public""}",unused_index_public_transactions_idx_transactions_team_account_date
unused_index,Unused Index,INFO,EXTERNAL,"[""PERFORMANCE""]",Detects if an index has never been used and may be a candidate for removal.,Index \`idx_orders_team_created_cursor\` on table \`public.orders\` has not been used,https://supabase.com/docs/guides/database/database-linter?lint=0005_unused_index,"{""name"":""orders"",""type"":""table"",""schema"":""public""}",unused_index_public_orders_idx_orders_team_created_cursor
unused_index,Unused Index,INFO,EXTERNAL,"[""PERFORMANCE""]",Detects if an index has never been used and may be a candidate for removal.,Index \`idx_products_team\` on table \`public.products\` has not been used,https://supabase.com/docs/guides/database/database-linter?lint=0005_unused_index,"{""name"":""products"",""type"":""table"",""schema"":""public""}",unused_index_public_products_idx_products_team
unused_index,Unused Index,INFO,EXTERNAL,"[""PERFORMANCE""]",Detects if an index has never been used and may be a candidate for removal.,Index \`idx_products_team_name\` on table \`public.products\` has not been used,https://supabase.com/docs/guides/database/database-linter?lint=0005_unused_index,"{""name"":""products"",""type"":""table"",""schema"":""public""}",unused_index_public_products_idx_products_team_name
unused_index,Unused Index,INFO,EXTERNAL,"[""PERFORMANCE""]",Detects if an index has never been used and may be a candidate for removal.,Index \`idx_products_status\` on table \`public.products\` has not been used,https://supabase.com/docs/guides/database/database-linter?lint=0005_unused_index,"{""name"":""products"",""type"":""table"",""schema"":""public""}",unused_index_public_products_idx_products_status
unused_index,Unused Index,INFO,EXTERNAL,"[""PERFORMANCE""]",Detects if an index has never been used and may be a candidate for removal.,Index \`idx_locations_team\` on table \`public.inventory_locations\` has not been used,https://supabase.com/docs/guides/database/database-linter?lint=0005_unused_index,"{""name"":""inventory_locations"",""type"":""table"",""schema"":""public""}",unused_index_public_inventory_locations_idx_locations_team
unused_index,Unused Index,INFO,EXTERNAL,"[""PERFORMANCE""]",Detects if an index has never been used and may be a candidate for removal.,Index \`idx_variants_team\` on table \`public.product_variants\` has not been used,https://supabase.com/docs/guides/database/database-linter?lint=0005_unused_index,"{""name"":""product_variants"",""type"":""table"",""schema"":""public""}",unused_index_public_product_variants_idx_variants_team
unused_index,Unused Index,INFO,EXTERNAL,"[""PERFORMANCE""]",Detects if an index has never been used and may be a candidate for removal.,Index \`idx_variants_status\` on table \`public.product_variants\` has not been used,https://supabase.com/docs/guides/database/database-linter?lint=0005_unused_index,"{""name"":""product_variants"",""type"":""table"",""schema"":""public""}",unused_index_public_product_variants_idx_variants_status
unused_index,Unused Index,INFO,EXTERNAL,"[""PERFORMANCE""]",Detects if an index has never been used and may be a candidate for removal.,Index \`idx_product_media_team\` on table \`public.product_media\` has not been used,https://supabase.com/docs/guides/database/database-linter?lint=0005_unused_index,"{""name"":""product_media"",""type"":""table"",""schema"":""public""}",unused_index_public_product_media_idx_product_media_team
unused_index,Unused Index,INFO,EXTERNAL,"[""PERFORMANCE""]",Detects if an index has never been used and may be a candidate for removal.,Index \`idx_product_media_variant\` on table \`public.product_media\` has not been used,https://supabase.com/docs/guides/database/database-linter?lint=0005_unused_index,"{""name"":""product_media"",""type"":""table"",""schema"":""public""}",unused_index_public_product_media_idx_product_media_variant
unused_index,Unused Index,INFO,EXTERNAL,"[""PERFORMANCE""]",Detects if an index has never been used and may be a candidate for removal.,Index \`idx_pcm_team\` on table \`public.product_category_mappings\` has not been used,https://supabase.com/docs/guides/database/database-linter?lint=0005_unused_index,"{""name"":""product_category_mappings"",""type"":""table"",""schema"":""public""}",unused_index_public_product_category_mappings_idx_pcm_team
unused_index,Unused Index,INFO,EXTERNAL,"[""PERFORMANCE""]",Detects if an index has never been used and may be a candidate for removal.,Index \`idx_pcm_product_category\` on table \`public.product_category_mappings\` has not been used,https://supabase.com/docs/guides/database/database-linter?lint=0005_unused_index,"{""name"":""product_category_mappings"",""type"":""table"",""schema"":""public""}",unused_index_public_product_category_mappings_idx_pcm_product_category
unused_index,Unused Index,INFO,EXTERNAL,"[""PERFORMANCE""]",Detects if an index has never been used and may be a candidate for removal.,Index \`idx_pcm_transaction_category\` on table \`public.product_category_mappings\` has not been used,https://supabase.com/docs/guides/database/database-linter?lint=0005_unused_index,"{""name"":""product_category_mappings"",""type"":""table"",""schema"":""public""}",unused_index_public_product_category_mappings_idx_pcm_transaction_category
unused_index,Unused Index,INFO,EXTERNAL,"[""PERFORMANCE""]",Detects if an index has never been used and may be a candidate for removal.,Index \`idx_products_team_category_slug\` on table \`public.products\` has not been used,https://supabase.com/docs/guides/database/database-linter?lint=0005_unused_index,"{""name"":""products"",""type"":""table"",""schema"":""public""}",unused_index_public_products_idx_products_team_category_slug
unused_index,Unused Index,INFO,EXTERNAL,"[""PERFORMANCE""]",Detects if an index has never been used and may be a candidate for removal.,Index \`idx_product_variants_team_product\` on table \`public.product_variants\` has not been used,https://supabase.com/docs/guides/database/database-linter?lint=0005_unused_index,"{""name"":""product_variants"",""type"":""table"",""schema"":""public""}",unused_index_public_product_variants_idx_product_variants_team_product
unused_index,Unused Index,INFO,EXTERNAL,"[""PERFORMANCE""]",Detects if an index has never been used and may be a candidate for removal.,Index \`idx_product_media_team_product\` on table \`public.product_media\` has not been used,https://supabase.com/docs/guides/database/database-linter?lint=0005_unused_index,"{""name"":""product_media"",""type"":""table"",""schema"":""public""}",unused_index_public_product_media_idx_product_media_team_product
unused_index,Unused Index,INFO,EXTERNAL,"[""PERFORMANCE""]",Detects if an index has never been used and may be a candidate for removal.,Index \`idx_product_categories_team_id\` on table \`public.product_categories\` has not been used,https://supabase.com/docs/guides/database/database-linter?lint=0005_unused_index,"{""name"":""product_categories"",""type"":""table"",""schema"":""public""}",unused_index_public_product_categories_idx_product_categories_team_id
unused_index,Unused Index,INFO,EXTERNAL,"[""PERFORMANCE""]",Detects if an index has never been used and may be a candidate for removal.,Index \`idx_product_categories_parent_id\` on table \`public.product_categories\` has not been used,https://supabase.com/docs/guides/database/database-linter?lint=0005_unused_index,"{""name"":""product_categories"",""type"":""table"",""schema"":""public""}",unused_index_public_product_categories_idx_product_categories_parent_id
unused_index,Unused Index,INFO,EXTERNAL,"[""PERFORMANCE""]",Detects if an index has never been used and may be a candidate for removal.,Index \`idx_product_categories_slug\` on table \`public.product_categories\` has not been used,https://supabase.com/docs/guides/database/database-linter?lint=0005_unused_index,"{""name"":""product_categories"",""type"":""table"",""schema"":""public""}",unused_index_public_product_categories_idx_product_categories_slug
unused_index,Unused Index,INFO,EXTERNAL,"[""PERFORMANCE""]",Detects if an index has never been used and may be a candidate for removal.,Index \`idx_leads_team\` on table \`public.leads\` has not been used,https://supabase.com/docs/guides/database/database-linter?lint=0005_unused_index,"{""name"":""leads"",""type"":""table"",""schema"":""public""}",unused_index_public_leads_idx_leads_team
unused_index,Unused Index,INFO,EXTERNAL,"[""PERFORMANCE""]",Detects if an index has never been used and may be a candidate for removal.,Index \`idx_leads_team_status\` on table \`public.leads\` has not been used,https://supabase.com/docs/guides/database/database-linter?lint=0005_unused_index,"{""name"":""leads"",""type"":""table"",""schema"":""public""}",unused_index_public_leads_idx_leads_team_status
unused_index,Unused Index,INFO,EXTERNAL,"[""PERFORMANCE""]",Detects if an index has never been used and may be a candidate for removal.,Index \`idx_leads_team_score\` on table \`public.leads\` has not been used,https://supabase.com/docs/guides/database/database-linter?lint=0005_unused_index,"{""name"":""leads"",""type"":""table"",""schema"":""public""}",unused_index_public_leads_idx_leads_team_score
unused_index,Unused Index,INFO,EXTERNAL,"[""PERFORMANCE""]",Detects if an index has never been used and may be a candidate for removal.,Index \`idx_leads_last_interaction\` on table \`public.leads\` has not been used,https://supabase.com/docs/guides/database/database-linter?lint=0005_unused_index,"{""name"":""leads"",""type"":""table"",""schema"":""public""}",unused_index_public_leads_idx_leads_last_interaction
unused_index,Unused Index,INFO,EXTERNAL,"[""PERFORMANCE""]",Detects if an index has never been used and may be a candidate for removal.,Index \`idx_products_search_tsv\` on table \`public.products\` has not been used,https://supabase.com/docs/guides/database/database-linter?lint=0005_unused_index,"{""name"":""products"",""type"":""table"",""schema"":""public""}",unused_index_public_products_idx_products_search_tsv
unused_index,Unused Index,INFO,EXTERNAL,"[""PERFORMANCE""]",Detects if an index has never been used and may be a candidate for removal.,Index \`idx_documents_search_tsv\` on table \`public.documents\` has not been used,https://supabase.com/docs/guides/database/database-linter?lint=0005_unused_index,"{""name"":""documents"",""type"":""table"",""schema"":""public""}",unused_index_public_documents_idx_documents_search_tsv
unused_index,Unused Index,INFO,EXTERNAL,"[""PERFORMANCE""]",Detects if an index has never been used and may be a candidate for removal.,Index \`idx_products_team_updated_at_id\` on table \`public.products\` has not been used,https://supabase.com/docs/guides/database/database-linter?lint=0005_unused_index,"{""name"":""products"",""type"":""table"",""schema"":""public""}",unused_index_public_products_idx_products_team_updated_at_id
unused_index,Unused Index,INFO,EXTERNAL,"[""PERFORMANCE""]",Detects if an index has never been used and may be a candidate for removal.,Index \`idx_product_media_primary\` on table \`public.product_media\` has not been used,https://supabase.com/docs/guides/database/database-linter?lint=0005_unused_index,"{""name"":""product_media"",""type"":""table"",""schema"":""public""}",unused_index_public_product_media_idx_product_media_primary
unused_index,Unused Index,INFO,EXTERNAL,"[""PERFORMANCE""]",Detects if an index has never been used and may be a candidate for removal.,Index \`idx_clients_search_tsv\` on table \`public.clients\` has not been used,https://supabase.com/docs/guides/database/database-linter?lint=0005_unused_index,"{""name"":""clients"",""type"":""table"",""schema"":""public""}",unused_index_public_clients_idx_clients_search_tsv
unused_index,Unused Index,INFO,EXTERNAL,"[""PERFORMANCE""]",Detects if an index has never been used and may be a candidate for removal.,Index \`idx_orders_search_tsv\` on table \`public.orders\` has not been used,https://supabase.com/docs/guides/database/database-linter?lint=0005_unused_index,"{""name"":""orders"",""type"":""table"",""schema"":""public""}",unused_index_public_orders_idx_orders_search_tsv
unused_index,Unused Index,INFO,EXTERNAL,"[""PERFORMANCE""]",Detects if an index has never been used and may be a candidate for removal.,Index \`idx_products_team_updated_id\` on table \`public.products\` has not been used,https://supabase.com/docs/guides/database/database-linter?lint=0005_unused_index,"{""name"":""products"",""type"":""table"",""schema"":""public""}",unused_index_public_products_idx_products_team_updated_id
unused_index,Unused Index,INFO,EXTERNAL,"[""PERFORMANCE""]",Detects if an index has never been used and may be a candidate for removal.,Index \`idx_comm_thread_tags_thread\` on table \`public.communication_thread_tags\` has not been used,https://supabase.com/docs/guides/database/database-linter?lint=0005_unused_index,"{""name"":""communication_thread_tags"",""type"":""table"",""schema"":""public""}",unused_index_public_communication_thread_tags_idx_comm_thread_tags_thread
unused_index,Unused Index,INFO,EXTERNAL,"[""PERFORMANCE""]",Detects if an index has never been used and may be a candidate for removal.,Index \`idx_comm_thread_tags_tag\` on table \`public.communication_thread_tags\` has not been used,https://supabase.com/docs/guides/database/database-linter?lint=0005_unused_index,"{""name"":""communication_thread_tags"",""type"":""table"",""schema"":""public""}",unused_index_public_communication_thread_tags_idx_comm_thread_tags_tag
unused_index,Unused Index,INFO,EXTERNAL,"[""PERFORMANCE""]",Detects if an index has never been used and may be a candidate for removal.,Index \`idx_product_media_team_product_primary\` on table \`public.product_media\` has not been used,https://supabase.com/docs/guides/database/database-linter?lint=0005_unused_index,"{""name"":""product_media"",""type"":""table"",""schema"":""public""}",unused_index_public_product_media_idx_product_media_team_product_primary
unused_index,Unused Index,INFO,EXTERNAL,"[""PERFORMANCE""]",Detects if an index has never been used and may be a candidate for removal.,Index \`idx_product_media_team_product_order\` on table \`public.product_media\` has not been used,https://supabase.com/docs/guides/database/database-linter?lint=0005_unused_index,"{""name"":""product_media"",""type"":""table"",""schema"":""public""}",unused_index_public_product_media_idx_product_media_team_product_order
unused_index,Unused Index,INFO,EXTERNAL,"[""PERFORMANCE""]",Detects if an index has never been used and may be a candidate for removal.,Index \`idx_assignment_policies_team\` on table \`public.assignment_policies\` has not been used,https://supabase.com/docs/guides/database/database-linter?lint=0005_unused_index,"{""name"":""assignment_policies"",""type"":""table"",""schema"":""public""}",unused_index_public_assignment_policies_idx_assignment_policies_team
unused_index,Unused Index,INFO,EXTERNAL,"[""PERFORMANCE""]",Detects if an index has never been used and may be a candidate for removal.,Index \`idx_invoices_scheduled_send_at\` on table \`public.invoices\` has not been used,https://supabase.com/docs/guides/database/database-linter?lint=0005_unused_index,"{""name"":""invoices"",""type"":""table"",""schema"":""public""}",unused_index_public_invoices_idx_invoices_scheduled_send_at
unused_index,Unused Index,INFO,EXTERNAL,"[""PERFORMANCE""]",Detects if an index has never been used and may be a candidate for removal.,Index \`idx_invoices_last_reminded_at\` on table \`public.invoices\` has not been used,https://supabase.com/docs/guides/database/database-linter?lint=0005_unused_index,"{""name"":""invoices"",""type"":""table"",""schema"":""public""}",unused_index_public_invoices_idx_invoices_last_reminded_at
unused_index,Unused Index,INFO,EXTERNAL,"[""PERFORMANCE""]",Detects if an index has never been used and may be a candidate for removal.,Index \`idx_invoices_token\` on table \`public.invoices\` has not been used,https://supabase.com/docs/guides/database/database-linter?lint=0005_unused_index,"{""name"":""invoices"",""type"":""table"",""schema"":""public""}",unused_index_public_invoices_idx_invoices_token